id,url,createdAt,text,authorUsername,authorName,authorFollowers,likeCount,replyCount,retweetCount,quoteCount,bookmarkCount,viewCount,lang,conversationId,inReplyToUsername,depth
"2098084278504702370","https://x.com/DevonFrohne/status/2098084278504702370","Thu Sep 10 16:20:47 +0000 2026","@eminimnim Would love to see the results of this all the way through to playing some beats...","DevonFrohne","▷Ξ▽O","1397","129","1","0","0","0","17470","en","2098072497182666987","eminimnim","1"
"2098089862205174209","https://x.com/ainafahy/status/2098089862205174209","Thu Sep 10 16:42:58 +0000 2026","@eminimnim ouuhhh vibe hardware sounds like a fun activity let me jump on the train","ainafahy","Aïna","10","7","1","0","0","0","9074","en","2098072497182666987","eminimnim","1"
"2098100720935248341","https://x.com/eminimnim/status/2098100720935248341","Thu Sep 10 17:26:07 +0000 2026","@DevonFrohne yes will post the final assembly","eminimnim","nim","2049","156","5","0","0","8","15853","en","2098072497182666987","DevonFrohne","2"
"2098104031662977286","https://x.com/eminimnim/status/2098104031662977286","Thu Sep 10 17:39:16 +0000 2026","@ainafahy crazy to see it design the whole thing cad","eminimnim","nim","2049","1","0","0","0","1","8012","en","2098072497182666987","ainafahy","2"
"2098108180039643468","https://x.com/DevonFrohne/status/2098108180039643468","Thu Sep 10 17:55:45 +0000 2026","@eminimnim Sick! Can’t wait to see it.","DevonFrohne","▷Ξ▽O","1397","3","1","0","0","0","1129","en","2098072497182666987","eminimnim","3"
"2098118687060602962","https://x.com/golnik/status/2098118687060602962","Thu Sep 10 18:37:30 +0000 2026","@eminimnim The saxophones are getting louder","golnik","Tim Golnik","208","4","0","0","0","0","821","en","2098072497182666987","eminimnim","1"
"2098121003348193305","https://x.com/Lucasdickey/status/2098121003348193305","Thu Sep 10 18:46:43 +0000 2026","@eminimnim @DevonFrohne I would likely buy ;)","Lucasdickey","Lucas Dickey","1342","1","0","0","0","0","74","en","2098072497182666987","eminimnim","3"
"2098121171095236904","https://x.com/Lucasdickey/status/2098121171095236904","Thu Sep 10 18:47:23 +0000 2026","@eminimnim @jugendingenieur ☝️ in case they wanted to be flattered by your love of their product","Lucasdickey","Lucas Dickey","1342","2","0","0","0","0","544","en","2098072497182666987","eminimnim","1"
"2098125661063753775","https://x.com/seflless/status/2098125661063753775","Thu Sep 10 19:05:13 +0000 2026","@eminimnim Noice","seflless","Francois Laberge","4013","1","0","0","0","0","376","en","2098072497182666987","eminimnim","1"
"2098128736797307360","https://x.com/logerhaus/status/2098128736797307360","Thu Sep 10 19:17:26 +0000 2026","@eminimnim Would love to see the prompt(s) that got you here. Very interesting","logerhaus","Logerhaus","99","40","4","0","0","0","20717","en","2098072497182666987","eminimnim","1"
"2098130201263694057","https://x.com/eminimnim/status/2098130201263694057","Thu Sep 10 19:23:16 +0000 2026","@logerhaus i'll share soon!","eminimnim","nim","2049","58","5","0","0","8","19069","en","2098072497182666987","logerhaus","2"
"2098131984703017181","https://x.com/SebastienLintz/status/2098131984703017181","Thu Sep 10 19:30:21 +0000 2026","@eminimnim Insane!","SebastienLintz","Sébastien Lintz","7837","1","0","0","0","0","479","tr","2098072497182666987","eminimnim","1"
"2098133212241269062","https://x.com/lucasban/status/2098133212241269062","Thu Sep 10 19:35:13 +0000 2026","@eminimnim How much did it cost you?","lucasban","lucasban","105","0","0","0","0","0","901","en","2098072497182666987","eminimnim","1"
"2098133652081103232","https://x.com/databusai/status/2098133652081103232","Thu Sep 10 19:36:58 +0000 2026","@eminimnim Very interesting.","databusai","Erick","7","1","0","0","0","0","173","en","2098072497182666987","eminimnim","1"
"2098133674353193427","https://x.com/gurungbuilds/status/2098133674353193427","Thu Sep 10 19:37:04 +0000 2026","@eminimnim gonna blow up to 100k views soon haha v cool","gurungbuilds","Gurung | floodreliefnepal.com","1354","1","0","0","0","0","176","en","2098072497182666987","eminimnim","1"
"2098134419039191259","https://x.com/rocketjohnsen/status/2098134419039191259","Thu Sep 10 19:40:01 +0000 2026","@eminimnim Have you tried assembling it yet?","rocketjohnsen","Peter Johnsen, PhD","2361","1","0","0","0","0","457","en","2098072497182666987","eminimnim","1"
"2098134709150654485","https://x.com/_esk_kse_/status/2098134709150654485","Thu Sep 10 19:41:10 +0000 2026","@eminimnim Can we see pictures of the finished product?","_esk_kse_","esk","2717","5","1","0","0","0","5036","en","2098072497182666987","eminimnim","1"
"2098135075523383417","https://x.com/deva0x/status/2098135075523383417","Thu Sep 10 19:42:38 +0000 2026","@eminimnim What websites did it order from? Trying to make something else","deva0x","0xDeva | 9mm.pro","1664","0","0","0","0","0","378","en","2098072497182666987","eminimnim","1"
"2098135132322324820","https://x.com/haydonryan/status/2098135132322324820","Thu Sep 10 19:42:51 +0000 2026","@eminimnim Expensive machine - with that rasberry pi in there!","haydonryan","Haydon Ryan 🇦🇺🇺🇸","258","2","0","0","0","0","888","en","2098072497182666987","eminimnim","1"
"2098135277734883749","https://x.com/Eric_M_Stevens/status/2098135277734883749","Thu Sep 10 19:43:26 +0000 2026","@eminimnim please make this","Eric_M_Stevens","Eric Stevens","247","1","0","0","0","0","125","en","2098072497182666987","eminimnim","1"
"2098136576660226364","https://x.com/trollied/status/2098136576660226364","Thu Sep 10 19:48:36 +0000 2026","@eminimnim I call bullshit. This is an advertisement for your company. You haven’t actually made this yet, and it also hasn’t made a single sound.","trollied","trollied","297","33","2","0","0","0","1291","en","2098072497182666987","eminimnim","1"
"2098136883398394043","https://x.com/Julius48024685/status/2098136883398394043","Thu Sep 10 19:49:49 +0000 2026","@eminimnim Vibe hardware has been around for some time now, check out @Atech_dev!","Julius48024685","Julius Thunström","9","22","3","1","0","36","17011","en","2098072497182666987","eminimnim","1"
"2098136932312334478","https://x.com/davidtphung/status/2098136932312334478","Thu Sep 10 19:50:00 +0000 2026","@eminimnim @andrewjiang @ccarella","davidtphung","David T Phung 🇺🇸","2841","1","0","0","0","0","136","qam","2098072497182666987","eminimnim","1"
"2098137027027902734","https://x.com/kenyondigital/status/2098137027027902734","Thu Sep 10 19:50:23 +0000 2026","@eminimnim This is so cool. With 3D printers and Astra, I can't wait to see some of amazing MIDI controllers, synths, and other inspiration musical creations people make.","kenyondigital","Matt Kenyon","375","61","4","2","1","5","24774","en","2098072497182666987","eminimnim","1"
"2098137078928138333","https://x.com/preyforge/status/2098137078928138333","Thu Sep 10 19:50:35 +0000 2026","@eminimnim i keep agent runs interruptible with an explicit yield condition before they touch a real-world step; a great CAD preview is not permission to keep ordering.","preyforge","Preyforge","51","42","1","0","0","13","17468","en","2098072497182666987","eminimnim","1"
"2098137702327820570","https://x.com/dannyaroslavski/status/2098137702327820570","Thu Sep 10 19:53:04 +0000 2026","@eminimnim holy vibe hardware","dannyaroslavski","Danny Yaroslavski","2556","1","0","0","0","0","344","en","2098072497182666987","eminimnim","1"
"2098138558049522039","https://x.com/wirelyss/status/2098138558049522039","Thu Sep 10 19:56:28 +0000 2026","@eminimnim This is crazy. Any idea approx how much it cost in credits to do something like this?","wirelyss","Wirelyss 👁️‍🗨️💫","34078","7","0","0","0","0","510","en","2098072497182666987","eminimnim","1"
"2098138739633475909","https://x.com/pgerrits/status/2098138739633475909","Thu Sep 10 19:57:11 +0000 2026","@eminimnim @kieranklaassen remember what we were talking about yesterday...","pgerrits","Patrick Gerrits","157","3","1","0","0","0","77","en","2098072497182666987","eminimnim","1"
"2098138761448046636","https://x.com/MattLuceen/status/2098138761448046636","Thu Sep 10 19:57:16 +0000 2026","@eminimnim Oh, shit!!","MattLuceen","Matt","327","1","0","0","0","0","179","en","2098072497182666987","eminimnim","1"
"2098139253574128103","https://x.com/Koningsbruggen/status/2098139253574128103","Thu Sep 10 19:59:14 +0000 2026","@eminimnim does it work?","Koningsbruggen","Joey van Koningsbruggen","2212","0","0","0","0","0","100","en","2098072497182666987","eminimnim","1"
"2098139285157237229","https://x.com/Cultureofsports/status/2098139285157237229","Thu Sep 10 19:59:21 +0000 2026","@eminimnim Very cool","Cultureofsports","Sports Culture","48","1","0","0","0","0","50","en","2098072497182666987","eminimnim","1"
"2098139696438112503","https://x.com/flashback_days/status/2098139696438112503","Thu Sep 10 20:00:59 +0000 2026","@eminimnim We want to see finished product and price!","flashback_days","Luther Blissett (@lutherblissett.lens)","144","1","0","0","0","0","521","en","2098072497182666987","eminimnim","1"
"2098139743510749384","https://x.com/jmarcelino/status/2098139743510749384","Thu Sep 10 20:01:11 +0000 2026","@eminimnim Sure buddy, you’ll make it someday","jmarcelino","Jose Marcelino","3876","1","0","0","0","0","82","en","2098072497182666987","eminimnim","1"
"2098139763127599615","https://x.com/RutkowskiHQ/status/2098139763127599615","Thu Sep 10 20:01:15 +0000 2026","@eminimnim Okay. Does it work?","RutkowskiHQ","Bartek Rutkowski","66","3","0","0","0","0","599","en","2098072497182666987","eminimnim","1"
"2098139809940144560","https://x.com/eminimnim/status/2098139809940144560","Thu Sep 10 20:01:26 +0000 2026","@Julius48024685 @Atech_dev oh this is exactly what I need!","eminimnim","nim","2049","3","0","0","0","3","15425","en","2098072497182666987","Julius48024685","2"
"2098139826671558992","https://x.com/ardo_tech/status/2098139826671558992","Thu Sep 10 20:01:30 +0000 2026","@eminimnim So you stole somebodies else work and made it your own. Nice.","ardo_tech","ardo_tech","20","1","0","0","0","0","285","en","2098072497182666987","eminimnim","1"
"2098139855611892115","https://x.com/mubarak_marafa/status/2098139855611892115","Thu Sep 10 20:01:37 +0000 2026","@eminimnim Wait. Actually?! 🤯","mubarak_marafa","m0b1","2348","0","0","0","0","0","141","en","2098072497182666987","eminimnim","1"
"2098139902424514642","https://x.com/AMIRrorROY/status/2098139902424514642","Thu Sep 10 20:01:48 +0000 2026","@eminimnim Interesting would love to get more detail on your process","AMIRrorROY","amir","260","1","1","0","0","0","212","en","2098072497182666987","eminimnim","1"
"2098139944732487941","https://x.com/eminimnim/status/2098139944732487941","Thu Sep 10 20:01:59 +0000 2026","@preyforge good tip","eminimnim","nim","2049","5","0","0","0","0","15247","en","2098072497182666987","preyforge","2"
"2098139995345236151","https://x.com/there_hegoAgain/status/2098139995345236151","Thu Sep 10 20:02:11 +0000 2026","@eminimnim raspberrys literally do anything lol","there_hegoAgain","stevie ef","247","0","0","0","0","0","90","en","2098072497182666987","eminimnim","1"
"2098140091751231521","https://x.com/eminimnim/status/2098140091751231521","Thu Sep 10 20:02:34 +0000 2026","@kenyondigital a lot more of these https://t.co/9tAoE9Spis","eminimnim","nim","2049","76","2","2","0","44","22786","en","2098072497182666987","kenyondigital","2"
"2098140182495076780","https://x.com/Kvpendergast/status/2098140182495076780","Thu Sep 10 20:02:55 +0000 2026","@eminimnim total cost?","Kvpendergast","Kyle","931","0","0","0","0","0","289","ca","2098072497182666987","eminimnim","1"
"2098140200367014135","https://x.com/kenwheeler/status/2098140200367014135","Thu Sep 10 20:02:59 +0000 2026","@eminimnim did you send it to jlc yet","kenwheeler","patagucci perf papi","69857","10","1","0","0","3","1692","en","2098072497182666987","eminimnim","1"
"2098140332990816762","https://x.com/eminimnim/status/2098140332990816762","Thu Sep 10 20:03:31 +0000 2026","@_esk_kse_ check back in a week or two!","eminimnim","nim","2049","9","1","0","0","3","4437","en","2098072497182666987","_esk_kse_","2"
"2098140437290590473","https://x.com/jstnurmind/status/2098140437290590473","Thu Sep 10 20:03:56 +0000 2026","@eminimnim Big one","jstnurmind","jstnurmind","167","0","0","0","0","0","35","en","2098072497182666987","eminimnim","1"
"2098140815822397480","https://x.com/kenwheeler/status/2098140815822397480","Thu Sep 10 20:05:26 +0000 2026","@eminimnim triple check any smd","kenwheeler","patagucci perf papi","69857","5","0","0","0","0","423","en","2098072497182666987","kenwheeler","2"
"2098141874590519467","https://x.com/astrodanish/status/2098141874590519467","Thu Sep 10 20:09:39 +0000 2026","@eminimnim impressive, looking forward to see it assembled and working!","astrodanish","Danish Hussain","12801","25","1","0","0","0","779","en","2098072497182666987","eminimnim","1"
"2098141909780767135","https://x.com/kalospepgod/status/2098141909780767135","Thu Sep 10 20:09:47 +0000 2026","@eminimnim So you have a real product in your hands…right? https://t.co/kGSI5w4oMb","kalospepgod","kalos","6941","2","0","0","0","0","145","en","2098072497182666987","eminimnim","1"
"2098142046062268673","https://x.com/not_claudio/status/2098142046062268673","Thu Sep 10 20:10:20 +0000 2026","@eminimnim No way! That’s awesome, please do a video once you have assembled it a tried it!","not_claudio","notclaudio","327","0","0","0","0","0","664","en","2098072497182666987","eminimnim","1"
"2098142284282032621","https://x.com/atres_/status/2098142284282032621","Thu Sep 10 20:11:16 +0000 2026","@eminimnim Cute concept image but where is the actual controller","atres_","atres aguirrezabal","504","0","0","0","0","0","122","en","2098072497182666987","eminimnim","1"
"2098142413504311468","https://x.com/kieranklaassen/status/2098142413504311468","Thu Sep 10 20:11:47 +0000 2026","@pgerrits @eminimnim yes! finally haha","kieranklaassen","Kieran Klaassen","18834","1","0","0","0","0","11","en","2098072497182666987","pgerrits","2"
"2098142428259918325","https://x.com/danedisonsiegel/status/2098142428259918325","Thu Sep 10 20:11:51 +0000 2026","@eminimnim @plsoulie uhhhhh","danedisonsiegel","Daniel Siegel","623","0","0","0","0","0","76","und","2098072497182666987","eminimnim","1"
"2098142588926861471","https://x.com/danedisonsiegel/status/2098142588926861471","Thu Sep 10 20:12:29 +0000 2026","@eminimnim @plsoulie this is cool ... scary though","danedisonsiegel","Daniel Siegel","623","0","0","0","0","0","227","en","2098072497182666987","eminimnim","1"
"2098142965268914578","https://x.com/HaimBender/status/2098142965268914578","Thu Sep 10 20:13:59 +0000 2026","@eminimnim no soldering involved?","HaimBender","Haim Bender","258","1","1","0","0","0","6399","en","2098072497182666987","eminimnim","1"
"2098143405524087157","https://x.com/___stets___/status/2098143405524087157","Thu Sep 10 20:15:44 +0000 2026","@eminimnim I'm working on something similar for a synth!","___stets___","stetson 🤠","1901","1","0","0","0","0","126","en","2098072497182666987","eminimnim","1"
"2098143724144337328","https://x.com/eminimnim/status/2098143724144337328","Thu Sep 10 20:17:00 +0000 2026","@HaimBender i asked it to keep the soldering and assembly to a minimal for now and its using prebuilt parts","eminimnim","nim","2049","3","2","0","0","1","5809","en","2098072497182666987","HaimBender","2"
"2098143974217195825","https://x.com/k_grajeda/status/2098143974217195825","Thu Sep 10 20:17:59 +0000 2026","@eminimnim bro really thinks he is teenage engineering more like young adult engineering","k_grajeda","Kevin Grajeda","9623","19","2","0","0","0","885","en","2098072497182666987","eminimnim","1"
"2098144286411800922","https://x.com/Spunkworks/status/2098144286411800922","Thu Sep 10 20:19:14 +0000 2026","@eminimnim OP1 got its good looks from this https://t.co/bQPSrv7q0a","Spunkworks","Vince Wheeler","34","14","1","0","0","2","862","en","2098072497182666987","eminimnim","1"
"2098144307051970845","https://x.com/tylerjharden/status/2098144307051970845","Thu Sep 10 20:19:19 +0000 2026","@eminimnim Ok now actually make mine do that.","tylerjharden","i am jack’s autism","580","0","0","0","0","0","535","en","2098072497182666987","eminimnim","1"
"2098144415445361048","https://x.com/GSkrovina/status/2098144415445361048","Thu Sep 10 20:19:44 +0000 2026","@eminimnim very curious to see the final assembly!","GSkrovina","Garrett","6520","2","0","0","0","0","164","en","2098072497182666987","eminimnim","1"
"2098144719960150454","https://x.com/MaximePeabody/status/2098144719960150454","Thu Sep 10 20:20:57 +0000 2026","@eminimnim did you actually order the parts? this is cool","MaximePeabody","Maxime Peabody","439","1","0","0","0","0","133","en","2098072497182666987","eminimnim","1"
"2098145315849138406","https://x.com/HaimBender/status/2098145315849138406","Thu Sep 10 20:23:19 +0000 2026","@eminimnim the parts have to be soldered together tho no???","HaimBender","Haim Bender","258","5","1","0","0","0","582","en","2098072497182666987","eminimnim","3"
"2098145479058227282","https://x.com/frogtechbrah/status/2098145479058227282","Thu Sep 10 20:23:58 +0000 2026","@eminimnim That is cool. I've recently been thinking how somebody needs to have these models build Lego set plans. They could come up with some cool ones I bet!","frogtechbrah","Frogtech","131","1","0","0","0","0","159","en","2098072497182666987","eminimnim","1"
"2098145495843569756","https://x.com/midsingularity/status/2098145495843569756","Thu Sep 10 20:24:02 +0000 2026","@eminimnim I was today years old when I realized you could send Astra’a assets to sendcutsend and other vendors for build out. I actively want to buy this DJ deck if you ever sell it.","midsingularity","Cody","393","2","0","0","0","1","277","en","2098072497182666987","eminimnim","1"
"2098145825901961692","https://x.com/CyborgLavery/status/2098145825901961692","Thu Sep 10 20:25:21 +0000 2026","@eminimnim I was going to ask you for the specs so I could write a firmware for your board here, but I just realized I could just give this video to the AI and tell it to make me a firmware for your board.","CyborgLavery","TheSeanLavery","1943","4","0","0","0","0","378","en","2098072497182666987","eminimnim","1"
"2098146002964189222","https://x.com/HudsonGouge/status/2098146002964189222","Thu Sep 10 20:26:03 +0000 2026","@eminimnim GPT-7 will assemble it for you.","HudsonGouge","Hudson Gouge","123","2","0","0","0","0","341","en","2098072497182666987","eminimnim","1"
"2098146134631805331","https://x.com/DavidPlakon/status/2098146134631805331","Thu Sep 10 20:26:34 +0000 2026","@eminimnim Just in codex?","DavidPlakon","David Plakon","945","0","0","0","0","0","79","en","2098072497182666987","eminimnim","1"
"2098146194291577109","https://x.com/0rgest/status/2098146194291577109","Thu Sep 10 20:26:49 +0000 2026","@eminimnim Dope!","0rgest","Orgest","73","0","0","0","0","0","22","en","2098072497182666987","eminimnim","1"
"2098146426656354573","https://x.com/sheriffly/status/2098146426656354573","Thu Sep 10 20:27:44 +0000 2026","@eminimnim Spend $2000 in credits to customize something which can be bought on temu for probably 10x cheaper.","sheriffly","Sheriff","902","0","0","0","0","0","113","en","2098072497182666987","eminimnim","1"
"2098146665404252598","https://x.com/henryvelez/status/2098146665404252598","Thu Sep 10 20:28:41 +0000 2026","@eminimnim Show me the machine.","henryvelez","Henry Velez","448","0","0","0","0","0","131","en","2098072497182666987","eminimnim","1"
"2098146728973094918","https://x.com/futureundergrnd/status/2098146728973094918","Thu Sep 10 20:28:56 +0000 2026","@eminimnim That’s insane","futureundergrnd","isambard kingdom brochacho","147","0","0","0","0","0","201","en","2098072497182666987","eminimnim","1"
"2098146794068656404","https://x.com/TechMDAI/status/2098146794068656404","Thu Sep 10 20:29:12 +0000 2026","@eminimnim That’s cool 😎","TechMDAI","TechMD","1634","0","0","0","0","0","153","en","2098072497182666987","eminimnim","1"
"2098146852260438316","https://x.com/marscitizenone/status/2098146852260438316","Thu Sep 10 20:29:25 +0000 2026","@eminimnim Was this from a single prompt or how much back and forth did this require? What did the cost come out to be of the hardware itself that Astra ordered?","marscitizenone","marscitizenone","39","0","0","0","0","0","1172","en","2098072497182666987","eminimnim","1"
"2098147091033760252","https://x.com/CritGuides/status/2098147091033760252","Thu Sep 10 20:30:22 +0000 2026","@eminimnim Did you tell it not to make any mistakes?","CritGuides","CriticalGuides","406","2","0","0","0","0","350","en","2098072497182666987","eminimnim","1"
"2098147239222718732","https://x.com/_Faraz/status/2098147239222718732","Thu Sep 10 20:30:58 +0000 2026","@eminimnim Bananas","_Faraz","Faraz 🇺🇸 🚀","5718","3","0","0","0","0","231","in","2098072497182666987","eminimnim","1"
"2098147350711820454","https://x.com/beardsmol/status/2098147350711820454","Thu Sep 10 20:31:24 +0000 2026","@eminimnim 1 second after you flip the power on https://t.co/6wokF4xFQ2","beardsmol","night talker","17","3","1","0","0","0","417","en","2098072497182666987","eminimnim","1"
"2098147420664152069","https://x.com/leahy30xy/status/2098147420664152069","Thu Sep 10 20:31:41 +0000 2026","@eminimnim hopefully it doesn’t buy 6 different injection mold dies to make it","leahy30xy","Leahy","183","6","0","0","0","0","548","en","2098072497182666987","eminimnim","1"
"2098147442789089694","https://x.com/joshhfm/status/2098147442789089694","Thu Sep 10 20:31:46 +0000 2026","@eminimnim This is the coolest thing I’ve seen Astra do so far!","joshhfm","Joshhfm","405","0","0","0","0","0","96","en","2098072497182666987","eminimnim","1"
"2098147462573928657","https://x.com/jyashouafar/status/2098147462573928657","Thu Sep 10 20:31:51 +0000 2026","@eminimnim I need to do this. What was your build cost on it?","jyashouafar","Justin Ξ. Yashouafar","2496","0","0","0","0","0","147","en","2098072497182666987","eminimnim","1"
"2098147501228384276","https://x.com/DogenJones/status/2098147501228384276","Thu Sep 10 20:32:00 +0000 2026","@eminimnim even if the parts do come together like this (doubtful) you'll still have to program all the inputs and outputs and sound design, 0% chance this works","DogenJones","tyler durder","37","3","1","0","0","0","458","en","2098072497182666987","eminimnim","1"
"2098147534887690568","https://x.com/niemerg/status/2098147534887690568","Thu Sep 10 20:32:08 +0000 2026","@eminimnim You're going to build it, right?","niemerg","Allan","4805","1","0","0","0","0","208","en","2098072497182666987","eminimnim","1"
"2098148244513493454","https://x.com/BoroGhor/status/2098148244513493454","Thu Sep 10 20:34:57 +0000 2026","@eminimnim bruh 2026 is crazy","BoroGhor","₿oro Ghor","840","1","0","0","0","0","126","en","2098072497182666987","eminimnim","1"
"2098148243439841349","https://x.com/resolvedmotion/status/2098148243439841349","Thu Sep 10 20:34:57 +0000 2026","@eminimnim Publish your stack and prompts and we'll believe you.","resolvedmotion","Resolved Motion","496","3","0","0","0","0","132","en","2098072497182666987","eminimnim","1"
"2098148325317038141","https://x.com/GeraldG42/status/2098148325317038141","Thu Sep 10 20:35:17 +0000 2026","@trollied @eminimnim The ""ai"" probably just stole some open source thing too.","GeraldG42","Nosferatu","255","1","0","0","0","0","86","en","2098072497182666987","trollied","2"
"2098148386733949283","https://x.com/EDIMOSIP/status/2098148386733949283","Thu Sep 10 20:35:31 +0000 2026","@eminimnim @kenyondigital DJ Concept Turntable https://t.co/6IfkmoIKKd","EDIMOSIP","EDIMO PEREIRA","1638","0","0","1","0","1","869","en","2098072497182666987","eminimnim","3"
"2098148479440662780","https://x.com/EDIMOSIP/status/2098148479440662780","Thu Sep 10 20:35:53 +0000 2026","@eminimnim https://t.co/6IfkmoIKKd","EDIMOSIP","EDIMO PEREIRA","1638","0","0","1","0","0","162","qme","2098072497182666987","eminimnim","1"
"2098148699251605924","https://x.com/Borchooga/status/2098148699251605924","Thu Sep 10 20:36:46 +0000 2026","@eminimnim Show it once its built. Proof in pudding, not a pretty slideshow.","Borchooga","Borchooga","178","0","0","0","0","0","30","en","2098072497182666987","eminimnim","1"
"2098148802129695067","https://x.com/davidfeldt/status/2098148802129695067","Thu Sep 10 20:37:10 +0000 2026","@eminimnim As the founder of https://t.co/PYmiMLPulP I am incredibly skeptical","davidfeldt","David Feldt 🦕","3191","7","0","0","0","6","273","en","2098072497182666987","eminimnim","1"
"2098148799470276893","https://x.com/alexflorias/status/2098148799470276893","Thu Sep 10 20:37:10 +0000 2026","Smells fishy, most every micro controller/chip vendor has minimum order quantities. Typically in the prototyping process you’ll work with a vendor that has those parts on hand to make you a prototype, or you contact individual suppliers for 1 off components at a GREATLY increased cost. Call intel, and try to get 1 single USB4/TB4 IO controller Call Texas Instruments and try to get 1 single USB4/TB4 DAC Call Parade Technologies and try to get 1 single USB-C PD controller Chinese suppliers have these parts on hand so they can make a prototype for you, it’s much harder to order parts for DIY assembly. On top of that, only recently have machine shops like @sendcutsend started providing hobbyists with low quantity CNC parts for things like chasis/knobs","alexflorias","Alex","23971","4","5","0","0","0","748","en","2098072497182666987","eminimnim","1"
"2098149291189846425","https://x.com/EpocryphaX/status/2098149291189846425","Thu Sep 10 20:39:07 +0000 2026","@eminimnim I didn’t think Astra could execute financial transactions. How do you achieve that? Literally tried it yesterday.","EpocryphaX","Nick","234","0","0","0","0","0","81","en","2098072497182666987","eminimnim","1"
"2098149304204394871","https://x.com/_MB_pt/status/2098149304204394871","Thu Sep 10 20:39:10 +0000 2026","@eminimnim Strange how we don't have a terminator yet","_MB_pt","Mauro Brandão PT / MB-PT🐼🀄","613","0","0","0","0","0","27","en","2098072497182666987","eminimnim","1"
"2098149346260709556","https://x.com/SamiTheAlien/status/2098149346260709556","Thu Sep 10 20:39:20 +0000 2026","@eminimnim How much did it all cost?","SamiTheAlien","Billa 🌾","1731","0","0","0","0","0","47","en","2098072497182666987","eminimnim","1"
"2098149392402268314","https://x.com/3rosika/status/2098149392402268314","Thu Sep 10 20:39:31 +0000 2026","@eminimnim um heck yes please!!!!","3rosika","Erosika","795","0","0","0","0","0","201","en","2098072497182666987","eminimnim","1"
"2098149467686162439","https://x.com/marianna_mano/status/2098149467686162439","Thu Sep 10 20:39:49 +0000 2026","@eminimnim wow so cool","marianna_mano","Marianna🐆⚡️","15","0","0","0","0","0","20","en","2098072497182666987","eminimnim","1"
"2098149504499200340","https://x.com/3rosika/status/2098149504499200340","Thu Sep 10 20:39:58 +0000 2026","@eminimnim reminds me of monome arc","3rosika","Erosika","795","0","0","0","0","0","138","en","2098072497182666987","eminimnim","1"
"2098149681406607543","https://x.com/angelocasarin/status/2098149681406607543","Thu Sep 10 20:40:40 +0000 2026","@eminimnim Nice! The prompts are available for sharing? I""m trying to do the same with a small raspberry pi game box + a customized OS with arcade console emulators. Trying to build some concepts for the box.","angelocasarin","Angelo Casarin","112","1","0","0","0","0","1146","en","2098072497182666987","eminimnim","1"
"2098149759592640749","https://x.com/alexflorias/status/2098149759592640749","Thu Sep 10 20:40:59 +0000 2026","@eminimnim This doesnt even cover having an internal DAC for audio processing In order to avoid the high audio latency of modern operating systems, youll need and internal DAC to process what youre mixing, and signed ASIO drivers for kernal level support","alexflorias","Alex","23971","1","0","0","0","0","134","en","2098072497182666987","alexflorias","2"
"2098149818615091671","https://x.com/jiceman/status/2098149818615091671","Thu Sep 10 20:41:13 +0000 2026","@eminimnim Will it work?","jiceman","John Eisenman (Jice)","314","0","0","0","0","0","73","en","2098072497182666987","eminimnim","1"
"2098150106339893660","https://x.com/SMatsiutsia/status/2098150106339893660","Thu Sep 10 20:42:21 +0000 2026","@k_grajeda @eminimnim https://t.co/t4UA5I9gpn","SMatsiutsia","Sofiia Matsiutsia","354","0","0","0","0","0","76","qme","2098072497182666987","k_grajeda","2"
"2098150714560352336","https://x.com/hellohsuh/status/2098150714560352336","Thu Sep 10 20:44:46 +0000 2026","@eminimnim @aalimbuyuguen yooooo","hellohsuh","h 🪽 partner @ INTDEV","192","1","1","0","0","0","36","und","2098072497182666987","eminimnim","1"
"2098150979598196879","https://x.com/kubukoz/status/2098150979598196879","Thu Sep 10 20:45:49 +0000 2026","@Spunkworks @eminimnim look at those ivory keys https://t.co/6rFx9XsmT6","kubukoz","Jakub Kozłowski","4788","1","0","0","0","0","10","en","2098072497182666987","Spunkworks","2"
"2098151008195039545","https://x.com/eksosedron/status/2098151008195039545","Thu Sep 10 20:45:56 +0000 2026","@eminimnim GitHub it, for crowdsourced validation?","eksosedron","Dijon McClane","145","6","1","0","0","0","3959","en","2098072497182666987","eminimnim","1"
"2098151329969619173","https://x.com/bchap1n/status/2098151329969619173","Thu Sep 10 20:47:13 +0000 2026","@eminimnim wat https://t.co/1EILOpscDP","bchap1n","brrrock","533","0","0","0","0","0","27","und","2098072497182666987","eminimnim","1"
"2098151335703044106","https://x.com/The_X_Officer/status/2098151335703044106","Thu Sep 10 20:47:14 +0000 2026","@eminimnim OK, then the software?","The_X_Officer","The_X_Officer","47","0","0","0","0","0","367","en","2098072497182666987","eminimnim","1"
"2098151383857758226","https://x.com/OneGreatGambino/status/2098151383857758226","Thu Sep 10 20:47:26 +0000 2026","@eminimnim Bullshit.","OneGreatGambino","OGG","214","0","0","0","0","0","12","en","2098072497182666987","eminimnim","1"
"2098151680151818408","https://x.com/Universeposity/status/2098151680151818408","Thu Sep 10 20:48:36 +0000 2026","@eminimnim Well does it work?","Universeposity","Universe of Positivity ✨","1922","0","0","0","0","0","29","en","2098072497182666987","eminimnim","1"
"2098151785622069583","https://x.com/solve_sf/status/2098151785622069583","Thu Sep 10 20:49:02 +0000 2026","@alexflorias @eminimnim Uh what? Check distributors like Digikey","solve_sf","Solve SF","1952","0","1","0","0","0","76","en","2098072497182666987","alexflorias","2"
"2098152128519008720","https://x.com/ych8r/status/2098152128519008720","Thu Sep 10 20:50:23 +0000 2026","@eminimnim Oh really? Did it now? 😃","ych8r","Theoden","5","0","0","0","0","0","204","en","2098072497182666987","eminimnim","1"
"2098152663669985710","https://x.com/eminimnim/status/2098152663669985710","Thu Sep 10 20:52:31 +0000 2026","@eksosedron great idea","eminimnim","nim","2049","1","0","0","0","0","3622","en","2098072497182666987","eksosedron","2"
"2098152670926410123","https://x.com/ChookMFC/status/2098152670926410123","Thu Sep 10 20:52:33 +0000 2026","@eminimnim Show me the working finished product.","ChookMFC","Chook","143","0","0","0","0","0","32","en","2098072497182666987","eminimnim","1"
"2098153108966875476","https://x.com/loporium/status/2098153108966875476","Thu Sep 10 20:54:17 +0000 2026","@eminimnim @lxnmnnn What’s the prompt","loporium","Ghost of India’s Downed Rafales","200","0","0","0","0","0","32","en","2098072497182666987","eminimnim","1"
"2098154260760264744","https://x.com/CryptoSpaces1/status/2098154260760264744","Thu Sep 10 20:58:52 +0000 2026","@eminimnim Okay, but where is the physical result? https://t.co/zzRnrwVluR","CryptoSpaces1","0x20","6538","0","0","0","0","0","108","en","2098072497182666987","eminimnim","1"
"2098154657197551907","https://x.com/maxkalashnikoff/status/2098154657197551907","Thu Sep 10 21:00:26 +0000 2026","@eminimnim it's great. In theory it should work. In reality, parts may be a bit off. Sadly Astra won't be the one assembling it. But if that works, I am the first going to order piano keyboard laptop. So I can play a bit while agent are running. Will wait for assembly. Good luck 🙂","maxkalashnikoff","Max Kalashnikov","199","2","0","0","0","0","800","en","2098072497182666987","eminimnim","1"
"2098154687845318965","https://x.com/miskin_kral/status/2098154687845318965","Thu Sep 10 21:00:34 +0000 2026","@trollied @eminimnim If i see a video which made with ai then i check the second tweet. If there is a product for sell on second tweet by the author then i think that is an ad.","miskin_kral","miskin kral","58","2","0","0","0","0","80","en","2098072497182666987","trollied","2"
"2098155325136195710","https://x.com/TCVarbanov/status/2098155325136195710","Thu Sep 10 21:03:06 +0000 2026","@eminimnim This is a great example of AI moving beyond just generating text or images to orchestrating complex, multi-step physical product development. The real shift here is AI managing the entire supply chain and manufacturing process, not just the design phase.","TCVarbanov","Teo","123","0","0","0","0","1","264","en","2098072497182666987","eminimnim","1"
"2098155675754860997","https://x.com/kbopulous716/status/2098155675754860997","Thu Sep 10 21:04:29 +0000 2026","@DogenJones @eminimnim I find it hard to believe the AI agent was able to match the specs for each component. Most likely conclusion is the AI agent is just regurgitating some online tutorial with its own spin that will probably make it not work st all","kbopulous716","KbopulousPrime","17","0","0","0","0","0","21","en","2098072497182666987","DogenJones","2"
"2098156206401736882","https://x.com/0x1om/status/2098156206401736882","Thu Sep 10 21:06:36 +0000 2026","@eminimnim Interesting","0x1om","mock dev","89","0","0","0","0","0","11","en","2098072497182666987","eminimnim","1"
"2098156430574723211","https://x.com/facesOfEth/status/2098156430574723211","Thu Sep 10 21:07:29 +0000 2026","@eminimnim shit is not bad ok go ahead player","facesOfEth","unhinged faces","2766","0","0","0","0","0","30","en","2098072497182666987","eminimnim","1"
"2098157066057924842","https://x.com/womp3D/status/2098157066057924842","Thu Sep 10 21:10:01 +0000 2026","@eminimnim @plsoulie Then you dmd us and we sent you some free 3D prints!","womp3D","Womp","32844","12","0","0","0","1","840","en","2098072497182666987","eminimnim","1"
"2098157808805953909","https://x.com/only_just_a_boy/status/2098157808805953909","Thu Sep 10 21:12:58 +0000 2026","@eminimnim Does it work? In the real world","only_just_a_boy","Remaoto Caridong","4","0","0","0","0","0","526","en","2098072497182666987","eminimnim","1"
"2098157908244447732","https://x.com/alexflorias/status/2098157908244447732","Thu Sep 10 21:13:21 +0000 2026","Okay, and even through digikey you’re order single use pieces with additional fees - Youll spend $80 on a cirrus internal DAC and mixer - $20 on an out TI ADC - $10 on USB-C PD - $40 on usb IO controllers -$20 on ports - $100+ on a chassis and knobs And none of this includes what kind of microprocessor you’re going to use to route everything, nor does it include signed drivers for low latency audio capabilities, which can cost $500-1000","alexflorias","Alex","23971","0","2","0","0","0","88","en","2098072497182666987","solve_sf","3"
"2098158052671381712","https://x.com/adriankxyz/status/2098158052671381712","Thu Sep 10 21:13:56 +0000 2026","@eminimnim This will go so hard if it works","adriankxyz","Adrian Karvinen","202","0","0","0","0","0","539","en","2098072497182666987","eminimnim","1"
"2098158815397261552","https://x.com/opiumhum/status/2098158815397261552","Thu Sep 10 21:16:58 +0000 2026","@eminimnim Send me the device to beta test!","opiumhum","Michail aka Opium Hum / Hyper Real Radio","11431","4","0","0","0","0","196","en","2098072497182666987","eminimnim","1"
"2098158939636642142","https://x.com/daveblumenfeld1/status/2098158939636642142","Thu Sep 10 21:17:27 +0000 2026","@eminimnim Did it work? Not asking sarcastically, genuinely curious if there were any hiccups assembling to and getting it to work.","daveblumenfeld1","Dave Blumenfeld","1712","1","1","0","0","0","156","en","2098072497182666987","eminimnim","1"
"2098158992052941181","https://x.com/solve_sf/status/2098158992052941181","Thu Sep 10 21:17:40 +0000 2026","@alexflorias @eminimnim Yeah and then you just checkout and pay and you have your parts. Where is the hard part?","solve_sf","Solve SF","1952","0","1","0","0","0","56","en","2098072497182666987","alexflorias","4"
"2098159649887596544","https://x.com/MoroTovar/status/2098159649887596544","Thu Sep 10 21:20:17 +0000 2026","@eminimnim how much you paid ?","MoroTovar","Moro","991","0","0","0","0","0","31","en","2098072497182666987","eminimnim","1"
"2098160410054574268","https://x.com/JoeFromCanadia/status/2098160410054574268","Thu Sep 10 21:23:18 +0000 2026","@eminimnim AI in five years: https://t.co/q4GVMxQFVd","JoeFromCanadia","Joe","52","0","0","0","0","0","7","en","2098072497182666987","eminimnim","1"
"2098160490773921840","https://x.com/0x6e616461/status/2098160490773921840","Thu Sep 10 21:23:37 +0000 2026","@eminimnim umm https://t.co/cnpnpeYPPo","0x6e616461","𝗻𝗼𝗯𝗼𝗱𝘆","328","0","0","0","0","0","8","und","2098072497182666987","eminimnim","1"
"2098161244716851639","https://x.com/alexflorias/status/2098161244716851639","Thu Sep 10 21:26:37 +0000 2026","@solve_sf @eminimnim I should’ve specified that the hard part is building something of similar quality to Teenage Engineering, since many of their components are not off the shelf. If you want to build an amazon basics DJ controller in a raw aluminum chassis then mission accomplished","alexflorias","Alex","23971","0","0","0","0","0","44","en","2098072497182666987","solve_sf","5"
"2098161353827737920","https://x.com/EnvolDev/status/2098161353827737920","Thu Sep 10 21:27:03 +0000 2026","@eminimnim The assembly animation is such a nice touch. It did all that work and still remembered you’re the one who has to put the thing together 😂","EnvolDev","Tony","86","0","0","0","0","0","139","en","2098072497182666987","eminimnim","1"
"2098161579279737326","https://x.com/indrarahul_/status/2098161579279737326","Thu Sep 10 21:27:57 +0000 2026","@eminimnim how many tokens/$$$?","indrarahul_","Rahul Indra","42","0","0","0","0","0","9","en","2098072497182666987","eminimnim","1"
"2098161706296066333","https://x.com/grahamfarrar/status/2098161706296066333","Thu Sep 10 21:28:27 +0000 2026","@eminimnim i want to buy one!","grahamfarrar","Graham Farrar","6994","0","0","0","0","0","182","en","2098072497182666987","eminimnim","1"
"2098162954252271798","https://x.com/BitBullish/status/2098162954252271798","Thu Sep 10 21:33:24 +0000 2026","@kenyondigital @eminimnim I have a mpd218 so I made a web app mpc that I can vibecode “Make me a new bank with lofi hip hop drums” and then refresh the page 5 mins later. I line in record to logic. https://t.co/q5e5W0bg8M","BitBullish","₿itcoin (Note to Self, Buy Aug-Sept 26)","907","2","1","0","0","0","69","en","2098072497182666987","kenyondigital","2"
"2098163160960155658","https://x.com/BitBullish/status/2098163160960155658","Thu Sep 10 21:34:14 +0000 2026","@eminimnim We need a total cost breakdown. How many token in Astra, how much did you pay for the hardware. Curious how this scales at a run of 100 or 1000 units.","BitBullish","₿itcoin (Note to Self, Buy Aug-Sept 26)","907","0","0","0","0","0","26","en","2098072497182666987","eminimnim","1"
"2098163947266331108","https://x.com/DaleCloudman/status/2098163947266331108","Thu Sep 10 21:37:21 +0000 2026","@eminimnim @EERandomness Did it work?","DaleCloudman","Dale Cloudman","2065","0","0","0","0","0","53","en","2098072497182666987","eminimnim","1"
"2098164798689059177","https://x.com/brythebull/status/2098164798689059177","Thu Sep 10 21:40:44 +0000 2026","@kenyondigital @eminimnim 3d printed chips are going to become standard too","brythebull","brythebull","296","1","1","0","0","0","49","en","2098072497182666987","kenyondigital","2"
"2098164937088541179","https://x.com/The_Essayist_/status/2098164937088541179","Thu Sep 10 21:41:17 +0000 2026","@eminimnim Ok. Now build it.","The_Essayist_","The Essayist","173","0","0","0","0","0","21","en","2098072497182666987","eminimnim","1"
"2098165147697033388","https://x.com/arpeegee/status/2098165147697033388","Thu Sep 10 21:42:07 +0000 2026","@eminimnim I'd love to see @benfryc chime in and give us his POV on that","arpeegee","Paul","5502","0","1","0","0","0","145","en","2098072497182666987","eminimnim","1"
"2098165447409443204","https://x.com/benfryc/status/2098165447409443204","Thu Sep 10 21:43:19 +0000 2026","@arpeegee @eminimnim I wouldn’t trust AI to make hardware design and physical engineering decisions","benfryc","Ben 🤖","24041","1","1","0","0","0","36","en","2098072497182666987","arpeegee","2"
"2098165864034189503","https://x.com/willtholke/status/2098165864034189503","Thu Sep 10 21:44:58 +0000 2026","@eminimnim I want to see the physical device!","willtholke","will","131","0","0","0","0","0","296","en","2098072497182666987","eminimnim","1"
"2098165934003192252","https://x.com/arpeegee/status/2098165934003192252","Thu Sep 10 21:45:15 +0000 2026","@benfryc @eminimnim thoughts confirmed. I'm sorry but I had to summon the madman who went through all the hoops of birthing a physical tech product.","arpeegee","Paul","5502","0","0","0","0","0","27","en","2098072497182666987","benfryc","3"
"2098166166908772413","https://x.com/cybermynd/status/2098166166908772413","Thu Sep 10 21:46:10 +0000 2026","@eminimnim I can confirm vibe hardware is here. https://t.co/yj9peBPYEL","cybermynd","Levi Foster","89","0","0","0","0","0","19","en","2098072497182666987","eminimnim","1"
"2098167448881209562","https://x.com/stableshaman/status/2098167448881209562","Thu Sep 10 21:51:16 +0000 2026","@eminimnim i think the design kinda seems like a wish version of the driftdj device","stableshaman","shaman","17184","14","1","0","0","0","6843","en","2098072497182666987","eminimnim","1"
"2098167515038052536","https://x.com/shlykur/status/2098167515038052536","Thu Sep 10 21:51:32 +0000 2026","@eminimnim can't wait to see it IRL 🧐","shlykur","Eric Schleicher","580","2","0","0","0","0","82","en","2098072497182666987","eminimnim","1"
"2098167805518717108","https://x.com/shivambehl_/status/2098167805518717108","Thu Sep 10 21:52:41 +0000 2026","@eminimnim Tried making it? Does it work?","shivambehl_","Shivam","67","0","0","0","0","0","375","en","2098072497182666987","eminimnim","1"
"2098167985160548564","https://x.com/eminimnim/status/2098167985160548564","Thu Sep 10 21:53:24 +0000 2026","@stableshaman oh shit this is what i want","eminimnim","nim","2049","5","1","0","0","0","6052","en","2098072497182666987","stableshaman","2"
"2098168164282462293","https://x.com/capelas94/status/2098168164282462293","Thu Sep 10 21:54:07 +0000 2026","@eminimnim Did my first PCBA today needed 3x5h limits. How much time did you need to build this?","capelas94","Crypto Crowley","242","0","0","0","0","0","87","en","2098072497182666987","eminimnim","1"
"2098168342003823096","https://x.com/FATTWAFFLEsS/status/2098168342003823096","Thu Sep 10 21:54:49 +0000 2026","@eminimnim OH! She sexy okay I see you","FATTWAFFLEsS","FATTWAFFLES","260","0","0","0","0","0","167","en","2098072497182666987","eminimnim","1"
"2098168436111167536","https://x.com/Data_Centers_/status/2098168436111167536","Thu Sep 10 21:55:11 +0000 2026","@eminimnim impulse buying has a procurement department now","Data_Centers_","Data Center","334","3","0","0","0","0","472","en","2098072497182666987","eminimnim","1"
"2098168447943450715","https://x.com/stableshaman/status/2098168447943450715","Thu Sep 10 21:55:14 +0000 2026","@eminimnim https://t.co/WnpJvu6K74 I went down similar rabbit hole of trying to vibe code a sampler! The pcbs had a lot of errors so i ended up breadboarding it so that i could review and edit. About to order my first hopefully functional pcb.","stableshaman","shaman","17184","6","2","0","0","1","373","en","2098072497182666987","eminimnim","3"
"2098168531254985158","https://x.com/stableshaman/status/2098168531254985158","Thu Sep 10 21:55:34 +0000 2026","@eminimnim https://t.co/lISJ2VcRdb","stableshaman","shaman","17184","4","0","0","0","1","386","qme","2098072497182666987","stableshaman","4"
"2098169505176223897","https://x.com/paz_al3x/status/2098169505176223897","Thu Sep 10 21:59:26 +0000 2026","@eminimnim Can you do this with my keyboard? 😂 Friend / dictator pad for agents. Good job. Fired. Promoted. Mic.. https://t.co/6reqXCv6cA","paz_al3x","Alex Bouchard","2361","3","0","0","0","0","154","en","2098072497182666987","eminimnim","1"
"2098169810794237957","https://x.com/tabloida_/status/2098169810794237957","Thu Sep 10 22:00:39 +0000 2026","@eminimnim it assembled you a 3d model that looks completely different from the concept tho, do you plan on adjusting the design?","tabloida_","TabloidA","266","0","0","0","0","0","103","en","2098072497182666987","eminimnim","1"
"2098170095486783703","https://x.com/apmoww/status/2098170095486783703","Thu Sep 10 22:01:47 +0000 2026","@eminimnim looks completely useless","apmoww","wompa","155","0","0","0","0","0","22","en","2098072497182666987","eminimnim","1"
"2098171183711568198","https://x.com/Johnson2Nasty/status/2098171183711568198","Thu Sep 10 22:06:06 +0000 2026","@eminimnim You should check out https://t.co/NyKeAPB5L5 I've only briefly used it myself but it's pretty cool.","Johnson2Nasty","💀","599","3","0","1","0","2","240","en","2098072497182666987","eminimnim","1"
"2098171238937977187","https://x.com/hagovinho/status/2098171238937977187","Thu Sep 10 22:06:20 +0000 2026","@eminimnim raspberry pi 5 for a dj controller is overkill, no mute or solo buttons, the motorized platters are just a flex, no EQ per channel, no volume fader, the front gap removes wrist support, leaves faders prone to flexing/snapping, and exposes internals to liquid spills.","hagovinho","HAGOV Brasil (portenho)","705","0","1","0","0","0","58","en","2098072497182666987","eminimnim","1"
"2098171326393622757","https://x.com/RaemondBW/status/2098171326393622757","Thu Sep 10 22:06:41 +0000 2026","@eminimnim What motor is that?","RaemondBW","Raemond","1038","1","1","0","0","0","139","en","2098072497182666987","eminimnim","1"
"2098171567477858428","https://x.com/hagovinho/status/2098171567477858428","Thu Sep 10 22:07:38 +0000 2026","@eminimnim also, you stole the concept (which already seems vibecoded) and just asked the AI to do something similar","hagovinho","HAGOV Brasil (portenho)","705","0","0","0","0","0","7","en","2098072497182666987","hagovinho","2"
"2098171637417861364","https://x.com/LeeKuanYimby/status/2098171637417861364","Thu Sep 10 22:07:55 +0000 2026","@eminimnim We really can reindustrialize america.","LeeKuanYimby","Lee Kuan Yimby","30941","25","1","0","0","0","465","en","2098072497182666987","eminimnim","1"
"2098171663154061335","https://x.com/sulman_mrza/status/2098171663154061335","Thu Sep 10 22:08:01 +0000 2026","@alexflorias @eminimnim i dont know about the specific ones you listed but lots of vendors that sell single / low qty microcontrollers. even some on amazon","sulman_mrza","Sulman Mirza","331","0","1","0","0","0","48","en","2098072497182666987","alexflorias","2"
"2098171677104394389","https://x.com/NineOfGates/status/2098171677104394389","Thu Sep 10 22:08:04 +0000 2026","@eminimnim TP-7 next","NineOfGates","Brother Haddo","25","0","0","0","0","0","6","in","2098072497182666987","eminimnim","1"
"2098171799422775587","https://x.com/JosephAntoineM2/status/2098171799422775587","Thu Sep 10 22:08:33 +0000 2026","@eminimnim @BrianRoemmele","JosephAntoineM2","Kektex01","322","0","0","0","0","0","5","qam","2098072497182666987","eminimnim","1"
"2098173028068651451","https://x.com/MrGoElectric/status/2098173028068651451","Thu Sep 10 22:13:26 +0000 2026","@eminimnim Let us know when it's built and working","MrGoElectric","Producer Tim","459","0","0","0","0","0","64","en","2098072497182666987","eminimnim","1"
"2098173524972105868","https://x.com/planetzomax/status/2098173524972105868","Thu Sep 10 22:15:25 +0000 2026","@eminimnim that's very cool but as long as you are not holding it in your hand and actually using it, it remains in the dashboard meme category with a sticker for extra effort.","planetzomax","zomax","24429","6","1","0","0","0","493","en","2098072497182666987","eminimnim","1"
"2098173712067416389","https://x.com/planetzomax/status/2098173712067416389","Thu Sep 10 22:16:09 +0000 2026","@eminimnim or to make it even shorter: vibe hardware presentations are here, but that's about it.","planetzomax","zomax","24429","1","0","0","0","0","188","en","2098072497182666987","planetzomax","2"
"2098174227937476621","https://x.com/VerbumGames/status/2098174227937476621","Thu Sep 10 22:18:12 +0000 2026","@eminimnim Sure, but how much did it cost in tokens? This isn't like a gotcha thing. I really have no idea lol","VerbumGames","Verbum Games","14","0","0","0","0","0","427","en","2098072497182666987","eminimnim","1"
"2098174291971809618","https://x.com/sturgissw2/status/2098174291971809618","Thu Sep 10 22:18:28 +0000 2026","@eminimnim Very cool. Requiring a pi 5 hurts though.","sturgissw2","sturgissw","76","0","0","0","0","0","76","en","2098072497182666987","eminimnim","1"
"2098174343737954542","https://x.com/JKLAY_/status/2098174343737954542","Thu Sep 10 22:18:40 +0000 2026","@eminimnim How many tokens did it use","JKLAY_","JKLAY","12","0","0","0","0","0","219","en","2098072497182666987","eminimnim","1"
"2098174689336291696","https://x.com/Mr_Fireside/status/2098174689336291696","Thu Sep 10 22:20:02 +0000 2026","@eminimnim This is cool, but bro, its just a video lol.","Mr_Fireside","Mr_Fireside 🔥","24873","0","0","0","0","0","68","en","2098072497182666987","eminimnim","1"
"2098175095974060313","https://x.com/stackaible/status/2098175095974060313","Thu Sep 10 22:21:39 +0000 2026","@eminimnim Nice","stackaible","Stackaible","21","0","0","0","0","0","6","en","2098072497182666987","eminimnim","1"
"2098175927809388615","https://x.com/LobsterPotNEWS/status/2098175927809388615","Thu Sep 10 22:24:58 +0000 2026","@eminimnim What CAD package is it driving?","LobsterPotNEWS","Lobster Pot NEWS","91","0","0","0","0","0","443","en","2098072497182666987","eminimnim","1"
"2098176093895201065","https://x.com/edvegaviolante/status/2098176093895201065","Thu Sep 10 22:25:37 +0000 2026","@eminimnim OMG","edvegaviolante","Dr e𝕏","388","0","0","0","0","0","2","und","2098072497182666987","eminimnim","1"
"2098176474347954670","https://x.com/GianniDalerta/status/2098176474347954670","Thu Sep 10 22:27:08 +0000 2026","@eminimnim Similar build method. Spec → tools → image model. NOTTURNO 1983 - MIDI under the mixer, not a full controller. But had not thought to do the blender and electronics spec! Analog soul. Modern control. https://t.co/ao5dadvGxE","GianniDalerta","Gianni Dalerta 🔮","5745","169","4","5","0","87","25966","en","2098072497182666987","eminimnim","1"
"2098177450492801285","https://x.com/OnFinality/status/2098177450492801285","Thu Sep 10 22:31:01 +0000 2026","@eminimnim The datasheet-reading step is the part that usually breaks these pipelines. Chinese vendor PDFs are full of pinout tables and part-number variants that OCR mangles, so getting a CAD model that actually matches the ordered part is the real flex here.","OnFinality","OnFinality","3211","1","0","0","0","0","373","en","2098072497182666987","eminimnim","1"
"2098177928257245230","https://x.com/GaryBucees/status/2098177928257245230","Thu Sep 10 22:32:55 +0000 2026","@eminimnim Inspired to finally look at building a concept I have been noodling for years. Would love to learn more about your prompts and results!","GaryBucees","GaryBucees","124","0","0","0","0","0","184","en","2098072497182666987","eminimnim","1"
"2098177962780541425","https://x.com/Lightsp2d/status/2098177962780541425","Thu Sep 10 22:33:03 +0000 2026","@eminimnim None of this happened. Show the physical hardware.","Lightsp2d","Alexander Lux","878","0","0","0","0","0","43","en","2098072497182666987","eminimnim","1"
"2098178288178929670","https://x.com/waynesutton/status/2098178288178929670","Thu Sep 10 22:34:20 +0000 2026","@eminimnim @blackgirlbytes Start the hardware lab","waynesutton","Wayne Sutton","67991","6","0","0","0","0","283","en","2098072497182666987","eminimnim","1"
"2098178660192694776","https://x.com/eminimnim/status/2098178660192694776","Thu Sep 10 22:35:49 +0000 2026","@GianniDalerta @PurpleHorizons8 @RalphQuintero so cool","eminimnim","nim","2049","20","4","0","0","2","18896","en","2098072497182666987","GianniDalerta","2"
"2098178748080070811","https://x.com/microsaad/status/2098178748080070811","Thu Sep 10 22:36:10 +0000 2026","@eminimnim neat! what software did it use to put together the CAD model and the subsequent visualization?","microsaad","Saad Ahmed","305","0","0","0","0","0","78","en","2098072497182666987","eminimnim","1"
"2098179106412392870","https://x.com/TheFlickMetric/status/2098179106412392870","Thu Sep 10 22:37:35 +0000 2026","@eminimnim This is fucking nuts","TheFlickMetric","Ryan Flickinger","87","1","0","0","0","0","127","en","2098072497182666987","eminimnim","1"
"2098180574624002556","https://x.com/ScottShapiroUXD/status/2098180574624002556","Thu Sep 10 22:43:25 +0000 2026","@eminimnim I am building a full software synthesizer music performance app online and wanted to build a custom controller. I’d love to talk with anyone who has done this. Are you 3d printing your assembly","ScottShapiroUXD","Scott Shapiro","3191","0","1","0","0","0","98","en","2098072497182666987","eminimnim","1"
"2098181177647522070","https://x.com/MVMNTuk/status/2098181177647522070","Thu Sep 10 22:45:49 +0000 2026","@eminimnim This looks useless as a Dj controller","MVMNTuk","Andy | MVMNT","596","0","0","0","0","0","59","en","2098072497182666987","eminimnim","1"
"2098181334690627640","https://x.com/bossanovajam/status/2098181334690627640","Thu Sep 10 22:46:27 +0000 2026","@eminimnim I’m excited for this to “go into production” and half of it doesn’t work or is done wrong and they ask you to fix it.","bossanovajam","samson","90","0","0","0","0","0","46","en","2098072497182666987","eminimnim","1"
"2098182417886630371","https://x.com/aiseomastery/status/2098182417886630371","Thu Sep 10 22:50:45 +0000 2026","@eminimnim gave it your card lol brave","aiseomastery","AI Mastery Guide","3832","0","0","0","0","0","134","en","2098072497182666987","eminimnim","1"
"2098182711802237343","https://x.com/grep_now/status/2098182711802237343","Thu Sep 10 22:51:55 +0000 2026","@eminimnim Man I was thinking about making my own midi controller. I used to have an SP-303 a while back that died on me. I still have my KORG padKONTROL KPC-1 tho. Solid. I’m wondering how well this vibe coded hardware would handle latency","grep_now","krx","196","1","0","0","0","0","540","en","2098072497182666987","eminimnim","1"
"2098182797508931895","https://x.com/0xPhoenice/status/2098182797508931895","Thu Sep 10 22:52:15 +0000 2026","@eminimnim so much incredible stuff can now be built","0xPhoenice","gio","531","0","0","0","0","0","53","en","2098072497182666987","eminimnim","1"
"2098182959698206937","https://x.com/grep_now/status/2098182959698206937","Thu Sep 10 22:52:54 +0000 2026","@beardsmol @eminimnim Happened to my SP-303. Capacitor exploded 🕊️🕊️🕊️","grep_now","krx","196","2","0","0","0","0","22","en","2098072497182666987","beardsmol","2"
"2098183311197864053","https://x.com/Muricaenjoyer/status/2098183311197864053","Thu Sep 10 22:54:18 +0000 2026","@eminimnim Yo this is a good idea for a little company, just build weird fun music toys and when you nail one just make a fancier more up engineered version","Muricaenjoyer","Murica Enjoyer","776","3","0","0","0","0","115","en","2098072497182666987","eminimnim","1"
"2098184084774179139","https://x.com/trydotworks/status/2098184084774179139","Thu Sep 10 22:57:22 +0000 2026","@eminimnim this would be a great companion to https://t.co/rGibhytS7p","trydotworks","erik@try.works","473","0","0","0","0","0","23","en","2098072497182666987","eminimnim","1"
"2098185895749030346","https://x.com/thisiswenzel/status/2098185895749030346","Thu Sep 10 23:04:34 +0000 2026","@eminimnim Show us the finished project. 👀","thisiswenzel","W3nzel.eth","12344","0","0","0","0","0","86","en","2098072497182666987","eminimnim","1"
"2098186139509166169","https://x.com/thisiswenzel/status/2098186139509166169","Thu Sep 10 23:05:32 +0000 2026","@eminimnim @DevonFrohne The views on that tweet are going to pay for the manufacturing alone. 🤝🏼","thisiswenzel","W3nzel.eth","12344","1","0","0","0","0","47","en","2098072497182666987","eminimnim","3"
"2098186274435748056","https://x.com/MrRudolfWagner/status/2098186274435748056","Thu Sep 10 23:06:04 +0000 2026","@eminimnim Why the huge cutout at the back where the plastic is just hanging there without anything filling the hole? https://t.co/PSTFUe9iUE","MrRudolfWagner","RudolfWagner.eth (3,3)","106","2","2","0","0","0","159","en","2098072497182666987","eminimnim","1"
"2098186732353343614","https://x.com/DangTheory/status/2098186732353343614","Thu Sep 10 23:07:54 +0000 2026","@eminimnim looks dope. so you ordered everything - how do you know your vibed hardware would work?","DangTheory","Dang theory","24","0","0","0","0","0","164","en","2098072497182666987","eminimnim","1"
"2098188324049748240","https://x.com/jdpeterson/status/2098188324049748240","Thu Sep 10 23:14:13 +0000 2026","@eminimnim is it cheaper than buying a teenage engineering mini dj controller?","jdpeterson","Josh Peterson","4675","2","0","0","0","0","83","en","2098072497182666987","eminimnim","1"
"2098188490030874856","https://x.com/Ryo_Bakura_710/status/2098188490030874856","Thu Sep 10 23:14:53 +0000 2026","@MrRudolfWagner @eminimnim I am sure if you got the cad you will find more of that everywhere","Ryo_Bakura_710","Ryo Bakura","274","2","0","0","0","0","24","en","2098072497182666987","MrRudolfWagner","2"
"2098188804637233237","https://x.com/vladzima/status/2098188804637233237","Thu Sep 10 23:16:08 +0000 2026","@eminimnim blink if astra wrote this post and is holding you hostage","vladzima","VLAD ARBATOV ㊙️","9562","1","0","0","0","0","36","en","2098072497182666987","eminimnim","1"
"2098188851227283923","https://x.com/SMASIMHO/status/2098188851227283923","Thu Sep 10 23:16:19 +0000 2026","@eminimnim truly an era for creatives","SMASIMHO","Nebulizer","10914","0","0","0","0","0","195","en","2098072497182666987","eminimnim","1"
"2098188871829971029","https://x.com/shuizhuyu/status/2098188871829971029","Thu Sep 10 23:16:24 +0000 2026","@eminimnim AI现在已经能包办从出图建模到找零件下单全套硬件开发流程了，这效率比以前一个团队抠细节快太多，行业变化太快了。","shuizhuyu","Crio Songo","1273","0","0","0","0","0","136","zh","2098072497182666987","eminimnim","1"
"2098189688179773760","https://x.com/Reagent_Systems/status/2098189688179773760","Thu Sep 10 23:19:38 +0000 2026","@eminimnim vibe hardware has been here","Reagent_Systems","Team Reagent","362","0","0","0","0","0","17","en","2098072497182666987","eminimnim","1"
"2098190786831466527","https://x.com/alexflorias/status/2098190786831466527","Thu Sep 10 23:24:00 +0000 2026","@sulman_mrza @eminimnim Yes you’re right, but the comparison with Teenage engineering isnt, because they aren’t getting their components on Amazon lol","alexflorias","Alex","23971","0","1","0","0","0","53","en","2098072497182666987","sulman_mrza","3"
"2098190858378268764","https://x.com/mahyarm8/status/2098190858378268764","Thu Sep 10 23:24:17 +0000 2026","@eminimnim @HaimBender One thing to reduce assembly time but decreases repairability is snap fitting the plastic to reduce screwing time.","mahyarm8","Mahyar McDonald","452","0","0","0","0","0","17","en","2098072497182666987","eminimnim","3"
"2098192432299172278","https://x.com/COFFINHEAD1/status/2098192432299172278","Thu Sep 10 23:30:33 +0000 2026","@eminimnim Vibehard","COFFINHEAD1","COFFINHEAD","572","0","0","0","0","0","5","da","2098072497182666987","eminimnim","1"
"2098193835943944533","https://x.com/intspg/status/2098193835943944533","Thu Sep 10 23:36:07 +0000 2026","@eminimnim @Indian_Bronson What did it charge you","intspg","Intrepid Sponge 𐇐𐇑𐇒𐇓𐇔𐇕𐇖𐇗𐇘𐇙𐇚","743","0","0","0","0","0","36","en","2098072497182666987","eminimnim","1"
"2098194254023549431","https://x.com/kcolyz/status/2098194254023549431","Thu Sep 10 23:37:47 +0000 2026","@eminimnim I feel like it wouldn’t work the first time around and then it goes Oh! I see the problem, then you have to do it all again","kcolyz","josef","37","0","0","0","0","0","44","en","2098072497182666987","eminimnim","1"
"2098195124710707208","https://x.com/sulman_mrza/status/2098195124710707208","Thu Sep 10 23:41:14 +0000 2026","@alexflorias @eminimnim For sure, in fairness op was comparing to TE in an aesthetic sense (even if thats way off mark). Amazon and stock, such as the Teensy boards are great for prototyping, then custom everything if you go to production/market.","sulman_mrza","Sulman Mirza","331","1","0","0","0","0","13","en","2098072497182666987","alexflorias","4"
"2098195719140057368","https://x.com/The_AI_War/status/2098195719140057368","Thu Sep 10 23:43:36 +0000 2026","@eminimnim Dude, just have it configure a midi board.","The_AI_War","The A.I. War","23","1","0","0","0","0","530","en","2098072497182666987","eminimnim","1"
"2098196276890230988","https://x.com/dameerly/status/2098196276890230988","Thu Sep 10 23:45:49 +0000 2026","@eminimnim @logerhaus Count me in.","dameerly","Dameer Ahmed","15","2","0","0","0","0","166","en","2098072497182666987","eminimnim","3"
"2098196328706691568","https://x.com/dameerly/status/2098196328706691568","Thu Sep 10 23:46:02 +0000 2026","@eminimnim @logerhaus Tutorial?","dameerly","Dameer Ahmed","15","2","0","0","0","0","133","es","2098072497182666987","eminimnim","3"
"2098196394108473592","https://x.com/dameerly/status/2098196394108473592","Thu Sep 10 23:46:17 +0000 2026","@Julius48024685 @eminimnim @Atech_dev Awesome find","dameerly","Dameer Ahmed","15","2","1","0","0","0","79","en","2098072497182666987","Julius48024685","2"
"2098196995961971087","https://x.com/KlausPetersen_X/status/2098196995961971087","Thu Sep 10 23:48:41 +0000 2026","@eminimnim nice! i'm a little sceptical though that this is completely thought out. my experience with ai hardware design is that it's great for initial sketching but definitely the devil is in the detail. are you planning on actually building this?","KlausPetersen_X","Klaus Petersen","49","0","0","0","0","0","272","en","2098072497182666987","eminimnim","1"
"2098197773782749199","https://x.com/mekedok_/status/2098197773782749199","Thu Sep 10 23:51:46 +0000 2026","@eminimnim @Avenoxai az önce yazılım dedin şimdi donanımda yapar oldu ne olacak bu işin sonu tarıma yönelicez mağarayamı","mekedok_","mekedok","27","1","0","0","0","0","9","tr","2098072497182666987","eminimnim","1"
"2098197844822036586","https://x.com/kimindiehacker/status/2098197844822036586","Thu Sep 10 23:52:03 +0000 2026","@eminimnim the fact that it sourced parts and read datasheets is next-level efficiency","kimindiehacker","Kimi Nguyen","1691","0","0","0","0","0","113","en","2098072497182666987","eminimnim","1"
"2098198774598275557","https://x.com/SmallStickPanda/status/2098198774598275557","Thu Sep 10 23:55:45 +0000 2026","@eminimnim Credit total cost?","SmallStickPanda","S.S. Panda","23","1","0","0","0","0","676","en","2098072497182666987","eminimnim","1"
"2098199985229889732","https://x.com/whois_domino/status/2098199985229889732","Fri Sep 11 00:00:33 +0000 2026","@eminimnim oly fuck","whois_domino","Domino","16433","0","0","0","0","0","62","en","2098072497182666987","eminimnim","1"
"2098200056948203582","https://x.com/stevedekorte/status/2098200056948203582","Fri Sep 11 00:00:50 +0000 2026","@eminimnim Looks really good","stevedekorte","Steve Dekorte","2088","0","0","0","0","0","80","en","2098072497182666987","eminimnim","1"
"2098201250760196600","https://x.com/jyoungblood/status/2098201250760196600","Fri Sep 11 00:05:35 +0000 2026","@GianniDalerta @eminimnim @PurpleHorizons8 @RalphQuintero man those buttons and wood paneling are SHARP","jyoungblood","Jonathan Youngblood","838","1","0","0","0","0","229","en","2098072497182666987","GianniDalerta","2"
"2098201356867920247","https://x.com/skroog3/status/2098201356867920247","Fri Sep 11 00:06:00 +0000 2026","@eminimnim This is pimp. Not necessarily the design but the follow through. Annotated parts, searches and sources them, orders them, provides visual documentation for assembly. China factories about to go brrrrrrr. Final nails being driven into the casket of IP.","skroog3","Skrooge","73","1","0","0","0","0","1199","en","2098072497182666987","eminimnim","1"
"2098201469107540374","https://x.com/reneromero08/status/2098201469107540374","Fri Sep 11 00:06:27 +0000 2026","@eminimnim This is what I've been waiting for.","reneromero08","Raúl R Romero","502","1","0","0","0","0","43","en","2098072497182666987","eminimnim","1"
"2098203028579139610","https://x.com/vintrotweets/status/2098203028579139610","Fri Sep 11 00:12:39 +0000 2026","@eminimnim tweet of the day!!!","vintrotweets","vintro","3159","2","0","0","0","0","82","en","2098072497182666987","eminimnim","1"
"2098203973316481068","https://x.com/ercanworks/status/2098203973316481068","Fri Sep 11 00:16:24 +0000 2026","@eminimnim And the cost?","ercanworks","ercan.works","44","1","0","0","0","0","467","en","2098072497182666987","eminimnim","1"
"2098205248108335481","https://x.com/MrBinspire/status/2098205248108335481","Fri Sep 11 00:21:28 +0000 2026","@eminimnim @scott_hilse gtfo 🔥","MrBinspire","Mr B Hoose 🎤🫎💵🍊","1441","0","0","0","0","0","11","en","2098072497182666987","eminimnim","1"
"2098205790720999714","https://x.com/n3r4/status/2098205790720999714","Fri Sep 11 00:23:37 +0000 2026","@eminimnim But did it work?","n3r4","Q","205","0","0","0","0","0","27","en","2098072497182666987","eminimnim","1"
"2098205953724158300","https://x.com/lord_litecoin/status/2098205953724158300","Fri Sep 11 00:24:16 +0000 2026","@eminimnim Share the prompts","lord_litecoin","Lord Litecoin","554","1","0","0","0","0","24","en","2098072497182666987","eminimnim","1"
"2098206523424121329","https://x.com/rtvrn2svbvrb/status/2098206523424121329","Fri Sep 11 00:26:32 +0000 2026","@alexflorias @eminimnim He never said it was economical","rtvrn2svbvrb","redacted","192","0","0","0","0","0","22","en","2098072497182666987","alexflorias","2"
"2098207127453966679","https://x.com/cormac_mars/status/2098207127453966679","Fri Sep 11 00:28:56 +0000 2026","@eminimnim badass!","cormac_mars","Cormac","2716","0","0","0","0","0","17","de","2098072497182666987","eminimnim","1"
"2098207489112125455","https://x.com/baianoise/status/2098207489112125455","Fri Sep 11 00:30:22 +0000 2026","@eminimnim Well all what matters is: does it really work or is just a concept or a hallucination ? Did you actually build and tested it ? It's all what matters","baianoise","Freedom_Aint_Free","119","0","0","0","0","0","5","en","2098072497182666987","eminimnim","1"
"2098207892155351466","https://x.com/ryanfoxeth/status/2098207892155351466","Fri Sep 11 00:31:58 +0000 2026","@eminimnim 🙏🙏🙏 Just used this to figure out how to put together the power button it generated for me https://t.co/IaKX1CRso8","ryanfoxeth","RyanFox.eth","1035","1","0","0","0","0","200","en","2098072497182666987","eminimnim","1"
"2098208345689891089","https://x.com/BrianHaDu/status/2098208345689891089","Fri Sep 11 00:33:47 +0000 2026","@eminimnim the speed at which Astra handled the whole process is mind-blowing, wow","BrianHaDu","Brian Hadu","1472","0","0","0","0","0","125","en","2098072497182666987","eminimnim","1"
"2098208811861287129","https://x.com/markfenner/status/2098208811861287129","Fri Sep 11 00:35:38 +0000 2026","@eminimnim This is what @schematikio was made for!","markfenner","Hybrid 🏃🏾","7176","0","0","0","0","0","58","en","2098072497182666987","eminimnim","1"
"2098210084299935875","https://x.com/ECO999_/status/2098210084299935875","Fri Sep 11 00:40:41 +0000 2026","@eminimnim what?","ECO999_","ECO99","99","0","0","0","0","0","3","en","2098072497182666987","eminimnim","1"
"2098210644290118114","https://x.com/CarbonJewels/status/2098210644290118114","Fri Sep 11 00:42:55 +0000 2026","@eminimnim @moglrd 👀","CarbonJewels","CarbonJewels","68","0","0","0","0","0","32","qme","2098072497182666987","eminimnim","1"
"2098212022953374154","https://x.com/DennisonBertram/status/2098212022953374154","Fri Sep 11 00:48:23 +0000 2026","@eminimnim My God man. It's happening.","DennisonBertram","Dennison","13023","1","0","0","0","0","140","en","2098072497182666987","eminimnim","1"
"2098212052384809042","https://x.com/aweosoo/status/2098212052384809042","Fri Sep 11 00:48:30 +0000 2026","@eminimnim Honestly, this is the kind of weird little machine that makes the future feel real.","aweosoo","scooby institute","55","0","0","0","0","0","111","en","2098072497182666987","eminimnim","1"
"2098212106222866708","https://x.com/DennisonBertram/status/2098212106222866708","Fri Sep 11 00:48:43 +0000 2026","@daveblumenfeld1 @eminimnim you can simulate all this hardware (great simulation tools exist for this) so I would be surprise if it didn't work.","DennisonBertram","Dennison","13023","0","1","0","0","0","17","en","2098072497182666987","daveblumenfeld1","2"
"2098212213760696457","https://x.com/DennisonBertram/status/2098212213760696457","Fri Sep 11 00:49:09 +0000 2026","@alexflorias @eminimnim Just use digikey.","DennisonBertram","Dennison","13023","0","0","0","0","0","31","en","2098072497182666987","alexflorias","2"
"2098212459974721770","https://x.com/DennisonBertram/status/2098212459974721770","Fri Sep 11 00:50:08 +0000 2026","@alexflorias @solve_sf @eminimnim no one uses microprocessors bare anymore FYI. These are microcontrollers. Everything is packed together in one board. I've been building a AI pin myself, software is nearly done. Crazy easy. Vibe hardware is here. https://t.co/EdzNWVf4wh","DennisonBertram","Dennison","13023","1","0","0","0","0","57","en","2098072497182666987","alexflorias","4"
"2098212503914496002","https://x.com/towtruckron/status/2098212503914496002","Fri Sep 11 00:50:18 +0000 2026","@eminimnim Ok so build it and review it, I’d be surprised if it turns on","towtruckron","Ron Anderson","39","2","0","0","0","0","341","en","2098072497182666987","eminimnim","1"
"2098213553618796767","https://x.com/mukulagarwalXR/status/2098213553618796767","Fri Sep 11 00:54:28 +0000 2026","@eminimnim How much did it cost you to get it fully built and delivered?","mukulagarwalXR","Mukul","780","0","0","0","0","0","81","en","2098072497182666987","eminimnim","1"
"2098214374850662402","https://x.com/jessewisener/status/2098214374850662402","Fri Sep 11 00:57:44 +0000 2026","@eminimnim Now build it.","jessewisener","Jesse Wisener","191","0","0","0","0","0","7","en","2098072497182666987","eminimnim","1"
"2098215106203308266","https://x.com/ambig_art/status/2098215106203308266","Fri Sep 11 01:00:38 +0000 2026","@eminimnim you forgot the part where nothing actually works lol","ambig_art","Ambiguous","809","0","0","0","0","0","34","en","2098072497182666987","eminimnim","1"
"2098215629853716504","https://x.com/petradyn/status/2098215629853716504","Fri Sep 11 01:02:43 +0000 2026","@eminimnim Good","petradyn","Petra Dyn","5178","0","0","0","0","0","3","en","2098072497182666987","eminimnim","1"
"2098217183109406728","https://x.com/gootecks/status/2098217183109406728","Fri Sep 11 01:08:54 +0000 2026","@eminimnim WOW great concept, looking forward to seeing it in action","gootecks","gootecks","53718","0","0","0","0","0","68","en","2098072497182666987","eminimnim","1"
"2098217963706851335","https://x.com/TomCatWatts/status/2098217963706851335","Fri Sep 11 01:12:00 +0000 2026","@eminimnim @logerhaus please do! it would be awesome for startups!","TomCatWatts","Tom Watts","51","2","0","0","0","0","158","en","2098072497182666987","eminimnim","3"
"2098218011295654384","https://x.com/CogFoundryAI/status/2098218011295654384","Fri Sep 11 01:12:11 +0000 2026","@eminimnim This is the shift: from AI that answers questions to AI that gets work done. Concept → research → CAD → procurement → animation. The interesting part isn’t any single model. It’s the ability to orchestrate the right models and tools across the whole task.","CogFoundryAI","CogFoundry","46","0","0","0","0","0","122","en","2098072497182666987","eminimnim","1"
"2098218454352585085","https://x.com/daveblumenfeld1/status/2098218454352585085","Fri Sep 11 01:13:57 +0000 2026","@DennisonBertram @eminimnim Still curious how it ended up. Mother Nature is a bitch from my experience.","daveblumenfeld1","Dave Blumenfeld","1712","0","1","0","0","0","14","en","2098072497182666987","DennisonBertram","3"
"2098218794451644479","https://x.com/DennisonBertram/status/2098218794451644479","Fri Sep 11 01:15:18 +0000 2026","@daveblumenfeld1 @eminimnim fair enough, I'm also interested. I've been getting back in to hardware lately too","DennisonBertram","Dennison","13023","1","1","0","0","0","18","en","2098072497182666987","daveblumenfeld1","4"
"2098218884918607941","https://x.com/RCallsign/status/2098218884918607941","Fri Sep 11 01:15:39 +0000 2026","@eminimnim Liar","RCallsign","RC","1826","0","0","0","0","0","5","es","2098072497182666987","eminimnim","1"
"2098220178735759583","https://x.com/jeditrinupab/status/2098220178735759583","Fri Sep 11 01:20:48 +0000 2026","@eminimnim Ok this is insanely cool! Vibe hardware building!","jeditrinupab","Jedi⚡️","32023","0","0","0","0","0","36","en","2098072497182666987","eminimnim","1"
"2098220984054812924","https://x.com/cmertayak/status/2098220984054812924","Fri Sep 11 01:24:00 +0000 2026","@eminimnim Cool! Looking forward to seeing how the experiment will proceed. 👀","cmertayak","Cuneyt Mertayak","775","0","0","0","0","0","12","en","2098072497182666987","eminimnim","1"
"2098224723544900079","https://x.com/jordan_patten/status/2098224723544900079","Fri Sep 11 01:38:51 +0000 2026","@eminimnim Just need to build a automated personal manufacturing hub to have it built automatically too!","jordan_patten","Jordan Patten","286","0","0","0","0","0","67","en","2098072497182666987","eminimnim","1"
"2098225911162167786","https://x.com/CoderGeeta/status/2098225911162167786","Fri Sep 11 01:43:35 +0000 2026","@eminimnim the AI can read the datasheet. now make it survive one human plugging the ribbon cable in upside down 😭","CoderGeeta","Geeta","280","2","0","0","0","0","219","en","2098072497182666987","eminimnim","1"
"2098226241266466829","https://x.com/cursedconnector/status/2098226241266466829","Fri Sep 11 01:44:53 +0000 2026","@eminimnim Which Chinese datasheets? You've got a Raspberry Pi (or equivalent) - VERY well documented in English (and other languages). The SparkFun TMC6300 ESP32 board, also well documented, but not in Chinese... Other bits like encoder(s)?","cursedconnector","cursed_connectors","15033","64","1","0","0","0","1604","en","2098072497182666987","eminimnim","1"
"2098227469492842710","https://x.com/Hardened_Hermit/status/2098227469492842710","Fri Sep 11 01:49:46 +0000 2026","@eminimnim very nice, what was the total cost from Astra?","Hardened_Hermit","SON OF LIBERTY","292","0","0","0","0","0","21","en","2098072497182666987","eminimnim","1"
"2098227877007229021","https://x.com/cursedconnector/status/2098227877007229021","Fri Sep 11 01:51:23 +0000 2026","@eminimnim Other question; who's doing the mfg on the case? Did you go for resin formed? Or 3D printed? Think I can safely assume you didn't let Astra order some injection shot tooling. right? What material(s) did Astra pick for the parts?","cursedconnector","cursed_connectors","15033","38","4","0","0","2","1029","en","2098072497182666987","cursedconnector","2"
"2098228071056982412","https://x.com/ibesh_tech/status/2098228071056982412","Fri Sep 11 01:52:09 +0000 2026","@eminimnim vibe hardware with astra spending real money is the test. letting it run with your card takes trust, wild to see it work","ibesh_tech","Ibesh","42","0","0","0","0","0","158","en","2098072497182666987","eminimnim","1"
"2098228853147615690","https://x.com/kenyondigital/status/2098228853147615690","Fri Sep 11 01:55:16 +0000 2026","@brythebull @eminimnim Crazy!","kenyondigital","Matt Kenyon","375","1","0","0","0","0","29","en","2098072497182666987","brythebull","3"
"2098228900417466749","https://x.com/kenyondigital/status/2098228900417466749","Fri Sep 11 01:55:27 +0000 2026","@BitBullish @eminimnim So dope","kenyondigital","Matt Kenyon","375","0","0","0","0","0","32","en","2098072497182666987","BitBullish","3"
"2098228942373073025","https://x.com/BeauScheier/status/2098228942373073025","Fri Sep 11 01:55:37 +0000 2026","@eminimnim That's cool, ship one to my address. I'll test it.","BeauScheier","Beau Scheier","285","0","0","0","0","0","5","en","2098072497182666987","eminimnim","1"
"2098229276319371689","https://x.com/Swole_Medic/status/2098229276319371689","Fri Sep 11 01:56:57 +0000 2026","@cursedconnector @eminimnim https://t.co/bkV8AyeRCw","Swole_Medic","Swole_Medic","991","5","1","0","0","0","99","qme","2098072497182666987","cursedconnector","3"
"2098229381759987963","https://x.com/cursedconnector/status/2098229381759987963","Fri Sep 11 01:57:22 +0000 2026","@ScottShapiroUXD @eminimnim I can recommend someone who *has actually* done this in the commercial market, drop me a message and I can link you two together if you'd like? I can't seem to message you.","cursedconnector","cursed_connectors","15033","0","0","0","0","0","13","en","2098072497182666987","ScottShapiroUXD","2"
"2098229638099030252","https://x.com/Easy_E/status/2098229638099030252","Fri Sep 11 01:58:23 +0000 2026","@kenyondigital @eminimnim I wonder how close they are to having a model that can use engineering CAD like Fusion or OnShape. My understanding is it’s harder to get precisely dimensioned geometry in Blender. Maybe that’s only hard for a human though.","Easy_E","Easy E 🇺🇸","565","1","0","0","0","0","49","en","2098072497182666987","kenyondigital","2"
"2098230931760763369","https://x.com/Darknesshas123/status/2098230931760763369","Fri Sep 11 02:03:32 +0000 2026","@cursedconnector @eminimnim Trust, if any of this shit actually worked to develop new products, they'd have made it. They don't tho. All this shit exists in single screen caps to post on Twitter. ""Look i just did this impressive thing by asking a computer"" and then no product ever makes it to market","Darknesshas123","Darknesshas1","86","12","0","0","0","0","106","en","2098072497182666987","cursedconnector","3"
"2098231256014012767","https://x.com/cursedconnector/status/2098231256014012767","Fri Sep 11 02:04:49 +0000 2026","@Swole_Medic @eminimnim https://t.co/sP1IJheWZN","cursedconnector","cursed_connectors","15033","5","1","0","0","0","90","qme","2098072497182666987","Swole_Medic","4"
"2098231725851648509","https://x.com/CleverDanX/status/2098231725851648509","Fri Sep 11 02:06:41 +0000 2026","@eminimnim Did this use up all your tokens??","CleverDanX","Clever Dan","45","0","0","0","0","0","283","en","2098072497182666987","eminimnim","1"
"2098231781652906429","https://x.com/chezle37/status/2098231781652906429","Fri Sep 11 02:06:54 +0000 2026","@eminimnim How many tokens did this take?","chezle37","Chez","95","0","0","0","0","0","80","en","2098072497182666987","eminimnim","1"
"2098232129473913031","https://x.com/Theo_de_Vaux/status/2098232129473913031","Fri Sep 11 02:08:17 +0000 2026","@eminimnim I haven't seen a single good cad from an ai yet","Theo_de_Vaux","devaux.sui","2216","0","0","0","0","0","32","en","2098072497182666987","eminimnim","1"
"2098232333048377820","https://x.com/MakeAugusta/status/2098232333048377820","Fri Sep 11 02:09:06 +0000 2026","@cursedconnector @Swole_Medic There’s a lot of questions about the thing that the top post already answered. Vibe Hardware Is Here.","MakeAugusta","Cyber City Circuits","25566","2","0","0","0","0","33","en","2098072497182666987","cursedconnector","5"
"2098232759273787604","https://x.com/_AIguy/status/2098232759273787604","Fri Sep 11 02:10:47 +0000 2026","@eminimnim Damn that’s sick! How much was the entire project?","_AIguy","Designer J","41","0","0","0","0","0","56","en","2098072497182666987","eminimnim","1"
"2098232953893728509","https://x.com/fbwalker4/status/2098232953893728509","Fri Sep 11 02:11:34 +0000 2026","@eminimnim That's a great use case, brother.","fbwalker4","Rusty","2532","0","0","0","0","0","39","en","2098072497182666987","eminimnim","1"
"2098234847986655306","https://x.com/eric_tart/status/2098234847986655306","Fri Sep 11 02:19:05 +0000 2026","@eminimnim @GianniDalerta @PurpleHorizons8 @RalphQuintero This is going to affect patent generation pipelines. Any guess on how ""prior art"" work post-LLM here? Can't wait for patent trolls to try blotting out the invention sun.","eric_tart","Eric Tart","11","0","0","0","0","0","12","en","2098072497182666987","eminimnim","3"
"2098235210848764232","https://x.com/probablymessier/status/2098235210848764232","Fri Sep 11 02:20:32 +0000 2026","@astrodanish @eminimnim Danish cmon why you gotta do this to him he was excited","probablymessier","messier","142","2","0","0","0","0","30","en","2098072497182666987","astrodanish","2"
"2098238597283402177","https://x.com/thedegenative/status/2098238597283402177","Fri Sep 11 02:33:59 +0000 2026","@eminimnim That is give you a . MD file.","thedegenative","Degen Native","78","0","0","0","0","0","5","en","2098072497182666987","eminimnim","1"
"2098238849382318486","https://x.com/arseniharkunou/status/2098238849382318486","Fri Sep 11 02:34:59 +0000 2026","@eminimnim I’ve been literally thinking of this myself just 10min ago. Can you show how that thing works &amp; sounds irl? Did you assemble it?","arseniharkunou","arseni harkunou","24","0","0","0","0","0","1048","en","2098072497182666987","eminimnim","1"
"2098238929535148114","https://x.com/warclubco/status/2098238929535148114","Fri Sep 11 02:35:18 +0000 2026","@eminimnim ¿Dónde pidió piezas personalizadas?","warclubco","warclubco","17","0","0","0","0","0","16","es","2098072497182666987","eminimnim","1"
"2098239054571860138","https://x.com/arseniharkunou/status/2098239054571860138","Fri Sep 11 02:35:48 +0000 2026","@GianniDalerta @eminimnim @PurpleHorizons8 @RalphQuintero Did you actually build or it’s just an image?","arseniharkunou","arseni harkunou","24","0","0","0","0","0","205","en","2098072497182666987","GianniDalerta","2"
"2098239577819427062","https://x.com/cursedconnector/status/2098239577819427062","Fri Sep 11 02:37:53 +0000 2026","@RaemondBW @eminimnim It's a 2804 hollow shaft brushless motor. Those ones were at one point, quite cheap, until that ""smart knob"" project from a few years ago took off. You can get variants like this pin-connect version, for &lt; the cost of a beer though. https://t.co/Gr7zs4pJpE https://t.co/wMqNcMeeFC","cursedconnector","cursed_connectors","15033","2","1","0","0","0","313","en","2098072497182666987","RaemondBW","2"
"2098241006231486531","https://x.com/cursedconnector/status/2098241006231486531","Fri Sep 11 02:43:33 +0000 2026","@RaemondBW @eminimnim My bad, the motor on the red sparkfun board is 3208 I think, slightly larger diameter than this 28mm cheap one I linked. Actual details for the dev board illustrated in the animations pictured above - https://t.co/8Zq7nAXBk3 https://t.co/WUqqMXNhIa","cursedconnector","cursed_connectors","15033","1","0","0","0","0","273","en","2098072497182666987","cursedconnector","3"
"2098241583279706263","https://x.com/swapcherrycom/status/2098241583279706263","Fri Sep 11 02:45:51 +0000 2026","@eminimnim gave it the card??","swapcherrycom","swapcherry","157","1","0","0","0","0","232","en","2098072497182666987","eminimnim","1"
"2098242225784455609","https://x.com/DrFeynmanXu/status/2098242225784455609","Fri Sep 11 02:48:24 +0000 2026","@eminimnim What software is this","DrFeynmanXu","Feynman Xu","156","0","0","0","0","0","47","en","2098072497182666987","eminimnim","1"
"2098242575090045115","https://x.com/jpizzzal/status/2098242575090045115","Fri Sep 11 02:49:48 +0000 2026","@DevonFrohne @eminimnim Yes post real results so you aren’t just another “AI CAD slop influencer”","jpizzzal","Mr. Big Bits","42","2","0","0","0","0","11","en","2098072497182666987","DevonFrohne","4"
"2098243046894940357","https://x.com/daveblumenfeld1/status/2098243046894940357","Fri Sep 11 02:51:40 +0000 2026","@DennisonBertram @eminimnim Hell yeah. I’ve been out of hardware for 4 years but super curious how AI tools are accelerating it!","daveblumenfeld1","Dave Blumenfeld","1712","0","0","0","0","0","12","en","2098072497182666987","DennisonBertram","5"
"2098243620377890884","https://x.com/techguyver/status/2098243620377890884","Fri Sep 11 02:53:57 +0000 2026","@eminimnim for those curious - check out digikey https://t.co/GKHKiAGGzb","techguyver","Techguyver","3474","2","0","0","0","3","146","en","2098072497182666987","eminimnim","1"
"2098244518567162126","https://x.com/_raviguy/status/2098244518567162126","Fri Sep 11 02:57:31 +0000 2026","@eminimnim The base looks like a nightmare to machine.","_raviguy","Ravi","31","0","0","0","0","0","102","en","2098072497182666987","eminimnim","1"
"2098246523825856595","https://x.com/gizmothegizzer/status/2098246523825856595","Fri Sep 11 03:05:29 +0000 2026","@eminimnim Can it hire a robot taskrabbit to build it for you too?","gizmothegizzer","Anna the Purple Girl","11540","0","0","0","0","0","91","en","2098072497182666987","eminimnim","1"
"2098246609335111910","https://x.com/rebelmindx/status/2098246609335111910","Fri Sep 11 03:05:49 +0000 2026","@eminimnim Would love to see it actually built and working. I would be blown away.","rebelmindx","REBELMIND™","1471","0","0","0","0","0","10","en","2098072497182666987","eminimnim","1"
"2098247061762347073","https://x.com/sihulton/status/2098247061762347073","Fri Sep 11 03:07:37 +0000 2026","@eminimnim Oh hell yeah","sihulton","Simon","17","0","0","0","0","0","499","en","2098072497182666987","eminimnim","1"
"2098247316989964678","https://x.com/Avaviel/status/2098247316989964678","Fri Sep 11 03:08:38 +0000 2026","@eminimnim HOW many frame pieces is that? https://t.co/oSJrDMtd7o","Avaviel","Avaviel","245","4","0","0","0","0","157","en","2098072497182666987","eminimnim","1"
"2098247917463302585","https://x.com/Sonilo_music/status/2098247917463302585","Fri Sep 11 03:11:01 +0000 2026","@eminimnim Vibe hardware is here🙌 We used Sonilo to sync clean mechanical SFX to the assembly. https://t.co/A1dAF2NKd5","Sonilo_music","Sonilo","578","0","0","0","0","0","48","en","2098072497182666987","eminimnim","1"
"2098249008535704041","https://x.com/mishy_the_fishy/status/2098249008535704041","Fri Sep 11 03:15:21 +0000 2026","@cursedconnector @eminimnim Every idiot and their brother thinks AI can make them the “life of the party” Whether it be by making a “controller” or picking the music or making the ads At the end of the day, they have no personality or talent. They asked a collection of 1s &amp; 0s to “make me popular”","mishy_the_fishy","annoying","214","4","1","0","0","0","95","en","2098072497182666987","cursedconnector","3"
"2098249758628290827","https://x.com/mishy_the_fishy/status/2098249758628290827","Fri Sep 11 03:18:20 +0000 2026","@cursedconnector @eminimnim The restriction in DJing well is not the equipment, it’s always the personality of the individual picking the songs and knowing what to play next. AI is not reading the crowd; the DJ is. You can’t [pathetically] ask AI your way to success in this space.","mishy_the_fishy","annoying","214","2","1","0","0","1","22","en","2098072497182666987","mishy_the_fishy","4"
"2098250375878840742","https://x.com/mishy_the_fishy/status/2098250375878840742","Fri Sep 11 03:20:47 +0000 2026","@cursedconnector @eminimnim I’ve seen plenty of DJs crash and burn when their “curated” set list doesn’t connect with the crowd. Unless you’re doing major shows at big venues (&gt;5000 tickets) you have to adapt to the crowd, and some AI bullshit controller will get you laughed out of the production meeting","mishy_the_fishy","annoying","214","3","1","0","0","0","26","en","2098072497182666987","mishy_the_fishy","5"
"2098251655930360272","https://x.com/andrew_wagle/status/2098251655930360272","Fri Sep 11 03:25:53 +0000 2026","@eminimnim @josephofiowa @NaderLikeLadder time for another coffee shop session","andrew_wagle","Andrew Wagle","111","2","1","0","0","0","22","en","2098072497182666987","eminimnim","1"
"2098252782281089345","https://x.com/OnceUnknown0/status/2098252782281089345","Fri Sep 11 03:30:21 +0000 2026","@eminimnim Okay so where is the physical product","OnceUnknown0","Bob","35","0","0","0","0","0","218","en","2098072497182666987","eminimnim","1"
"2098252833200205829","https://x.com/DebangshuSingh/status/2098252833200205829","Fri Sep 11 03:30:33 +0000 2026","@eminimnim Can you share a more comprehensive process?","DebangshuSingh","Kanyewestbengal","100","0","0","0","0","0","81","en","2098072497182666987","eminimnim","1"
"2098253094840897702","https://x.com/josephofiowa/status/2098253094840897702","Fri Sep 11 03:31:36 +0000 2026","@andrew_wagle @eminimnim @NaderLikeLadder in","josephofiowa","Joseph Nelson","4603","1","1","0","0","0","24","und","2098072497182666987","andrew_wagle","2"
"2098253373187252430","https://x.com/DogeDipHodler/status/2098253373187252430","Fri Sep 11 03:32:42 +0000 2026","@eminimnim And then you put it together and it doesn't fit or work","DogeDipHodler","DogeDipHodler","401","0","0","0","0","0","27","en","2098072497182666987","eminimnim","1"
"2098255450764427362","https://x.com/DanClancy1776/status/2098255450764427362","Fri Sep 11 03:40:57 +0000 2026","@eminimnim I’m book marking this!!","DanClancy1776","Daniel Clancy","126","0","0","0","0","0","5","en","2098072497182666987","eminimnim","1"
"2098258578306130344","https://x.com/wallyworldzed/status/2098258578306130344","Fri Sep 11 03:53:23 +0000 2026","@eminimnim Cool. Tell it to build you a 3d printer than can print integrated circuits directly onto printed PCBs and we’re frighteningly close to having replicators.","wallyworldzed","Dr. Merkwürdigliebe","238","1","0","0","0","0","25","en","2098072497182666987","eminimnim","1"
"2098258617938194567","https://x.com/cosmoscharf/status/2098258617938194567","Fri Sep 11 03:53:32 +0000 2026","@eminimnim Extremely cool","cosmoscharf","Cosmo Scharf","2557","0","0","0","0","0","29","en","2098072497182666987","eminimnim","1"
"2098258628885324235","https://x.com/ElonisMegaLame/status/2098258628885324235","Fri Sep 11 03:53:35 +0000 2026","@eminimnim You asked for a teenager?","ElonisMegaLame","BRICK 🧱🏠 HOUSE","140","0","0","0","0","0","32","en","2098072497182666987","eminimnim","1"
"2098259807098834965","https://x.com/pocket_loveless/status/2098259807098834965","Fri Sep 11 03:58:16 +0000 2026","@eminimnim Probably wouldn’t use a pi for real-time, maybe a pi real time chip like the zero I think it is","pocket_loveless","Geramy Loveless","26","0","0","0","0","0","245","en","2098072497182666987","eminimnim","1"
"2098263524728320203","https://x.com/seymourbuttz00/status/2098263524728320203","Fri Sep 11 04:13:02 +0000 2026","@eminimnim Nah","seymourbuttz00","Andrew","144","0","0","0","0","0","4","und","2098072497182666987","eminimnim","1"
"2098265846976303382","https://x.com/NaderLikeLadder/status/2098265846976303382","Fri Sep 11 04:22:16 +0000 2026","@josephofiowa @andrew_wagle @eminimnim in","NaderLikeLadder","Nader Khalil🍊","14155","1","0","0","0","0","41","und","2098072497182666987","josephofiowa","3"
"2098266096038301834","https://x.com/Aileengf1/status/2098266096038301834","Fri Sep 11 04:23:15 +0000 2026","@eminimnim https://t.co/D74Fx69qsm woohu https://t.co/qcZ8of2pcQ","Aileengf1","Aileen","538","0","0","0","0","0","24","lv","2098072497182666987","eminimnim","1"
"2098267614870917175","https://x.com/sailorvenova/status/2098267614870917175","Fri Sep 11 04:29:17 +0000 2026","@eminimnim wow this is amazing ive had hardware ideas for years maybe this could help me build them","sailorvenova",")*Kassandra of Ellaphae","309","1","0","0","0","0","14","en","2098072497182666987","eminimnim","1"
"2098274514690072591","https://x.com/foundanand/status/2098274514690072591","Fri Sep 11 04:56:43 +0000 2026","@eminimnim https://t.co/SEkIB4WFBD","foundanand","Anand Lahoti","231","0","0","0","0","0","12","qme","2098072497182666987","eminimnim","1"
"2098274954009891024","https://x.com/Ryanrz/status/2098274954009891024","Fri Sep 11 04:58:27 +0000 2026","@LeeKuanYimby @eminimnim Where are all those components coming from?!!!","Ryanrz","Ryan Rzepecki","6053","0","0","0","0","0","6","en","2098072497182666987","LeeKuanYimby","2"
"2098275221375504385","https://x.com/BlackwellV90362/status/2098275221375504385","Fri Sep 11 04:59:31 +0000 2026","@eminimnim But don't you have custom parts there?","BlackwellV90362","blackwell","117","0","0","0","0","0","11","en","2098072497182666987","eminimnim","1"
"2098277089723953213","https://x.com/Adria_MBA/status/2098277089723953213","Fri Sep 11 05:06:56 +0000 2026","@eminimnim The first AI hardware will be nicely designed and great visually (UX). Human interactivity (UI) will be weird initially and the product won't work at oneshot. Vibe-hardware is like vibe coding, the slop will be screws. After a while, with some antislop skills, will improve.","Adria_MBA","Adria B.A.","496","0","0","0","0","0","30","en","2098072497182666987","eminimnim","1"
"2098282133525590073","https://x.com/turnkit/status/2098282133525590073","Fri Sep 11 05:26:59 +0000 2026","@eminimnim @logerhaus Quality engagement farming but it’s real stuff. I followed. Who doesn’t want to follow for more? Sounds exciting.","turnkit","turnkit","597","0","0","0","0","0","105","en","2098072497182666987","eminimnim","3"
"2098284155750813803","https://x.com/tedfernau/status/2098284155750813803","Fri Sep 11 05:35:01 +0000 2026","@eminimnim Hell yeah","tedfernau","teddy","183","0","0","0","0","0","9","en","2098072497182666987","eminimnim","1"
"2098286016545395101","https://x.com/WhaleLandUtahni/status/2098286016545395101","Fri Sep 11 05:42:25 +0000 2026","@eminimnim Why are you lying?","WhaleLandUtahni","Reticulating Splines","683","0","0","0","0","0","10","en","2098072497182666987","eminimnim","1"
"2098287252069560372","https://x.com/sevans0425/status/2098287252069560372","Fri Sep 11 05:47:19 +0000 2026","@eminimnim That’s awesome. What was your token spend, or, alternatively, effort level + time to completion?","sevans0425","Sam Evans","476","0","0","0","0","0","19","en","2098072497182666987","eminimnim","1"
"2098287526616367113","https://x.com/mathewharwich/status/2098287526616367113","Fri Sep 11 05:48:25 +0000 2026","@eminimnim beautiful","mathewharwich","Mathew Harwich","9","0","0","0","0","0","6","en","2098072497182666987","eminimnim","1"
"2098289329374155056","https://x.com/AndriiShylenko/status/2098289329374155056","Fri Sep 11 05:55:35 +0000 2026","@eminimnim Not sure about all the modules, but the long casing thingy in the beginning gonna break fast.","AndriiShylenko","Andrii Shylenko 🇺🇦","157","1","0","0","0","0","304","en","2098072497182666987","eminimnim","1"
"2098289725711012053","https://x.com/sammakesthings/status/2098289725711012053","Fri Sep 11 05:57:09 +0000 2026","@eminimnim As someone currently doing a music hardware project with heavy AI support, I am so curious if this works out and assembles correctly when the parts arrive","sammakesthings","Sam Stowers 🌎 💪 🌹","1672","0","0","0","0","0","69","en","2098072497182666987","eminimnim","1"
"2098296333904015536","https://x.com/alpng4theride/status/2098296333904015536","Fri Sep 11 06:23:25 +0000 2026","@eminimnim So much this","alpng4theride","Along4theride","2","0","0","0","0","0","4","en","2098072497182666987","eminimnim","1"
"2098297755190108297","https://x.com/Ryanc4444/status/2098297755190108297","Fri Sep 11 06:29:03 +0000 2026","@eminimnim Brooo what","Ryanc4444","Ryan C","60","0","0","0","0","0","5","en","2098072497182666987","eminimnim","1"
"2098298542892687478","https://x.com/FluidFix/status/2098298542892687478","Fri Sep 11 06:32:11 +0000 2026","@eminimnim Hum","FluidFix","𝐖","2657","0","0","0","0","0","17","und","2098072497182666987","eminimnim","1"
"2098298607426302128","https://x.com/FluidFix/status/2098298607426302128","Fri Sep 11 06:32:27 +0000 2026","@eminimnim Pls be urs","FluidFix","𝐖","2657","0","0","0","0","0","19","en","2098072497182666987","eminimnim","1"
"2098298732550803912","https://x.com/FluidFix/status/2098298732550803912","Fri Sep 11 06:32:57 +0000 2026","@eminimnim Can u mine","FluidFix","𝐖","2657","0","0","0","0","0","20","en","2098072497182666987","eminimnim","1"
"2098298738183655828","https://x.com/quelitass/status/2098298738183655828","Fri Sep 11 06:32:58 +0000 2026","@eminimnim Incredible","quelitass","Guillermo Duró","34","0","0","0","0","0","6","en","2098072497182666987","eminimnim","1"
"2098298807725252753","https://x.com/FluidFix/status/2098298807725252753","Fri Sep 11 06:33:14 +0000 2026","@eminimnim Fr fr","FluidFix","𝐖","2657","0","0","0","0","0","17","fr","2098072497182666987","eminimnim","1"
"2098300776179249404","https://x.com/UnGattoLoco/status/2098300776179249404","Fri Sep 11 06:41:04 +0000 2026","@eminimnim Yeah Astra, but where? GPT WORK? Or where You used it? :)","UnGattoLoco","UnGattoLoco","202","0","0","0","0","0","28","en","2098072497182666987","eminimnim","1"
"2098302746806124855","https://x.com/entadion/status/2098302746806124855","Fri Sep 11 06:48:54 +0000 2026","@eminimnim This is where ""vibe hardware"" starts to feel real. The most interesting part isn't even the CAD, it's the AI going all the way from datasheets to ordering actual parts.","entadion","Entadion 🌼","344","1","0","0","0","0","34","en","2098072497182666987","eminimnim","1"
"2098304586628923649","https://x.com/thecanbesolved/status/2098304586628923649","Fri Sep 11 06:56:12 +0000 2026","@eminimnim Unbelievable. Great job. Waiting for prompt.","thecanbesolved","CanBeSolved","5","0","0","0","0","0","682","en","2098072497182666987","eminimnim","1"
"2098304825695813659","https://x.com/SamuelBeek/status/2098304825695813659","Fri Sep 11 06:57:09 +0000 2026","@AMIRrorROY @eminimnim same","SamuelBeek","sam","15096","1","0","0","0","0","14","en","2098072497182666987","AMIRrorROY","2"
"2098304901273018703","https://x.com/Schnuartz/status/2098304901273018703","Fri Sep 11 06:57:27 +0000 2026","@eminimnim But did it work in the end?","Schnuartz","Schnuartz","1799","1","0","0","0","0","40","en","2098072497182666987","eminimnim","1"
"2098305451544760823","https://x.com/NomanInnov8/status/2098305451544760823","Fri Sep 11 06:59:38 +0000 2026","@eminimnim It literally picked up recipe BoQ) from my project on hackaday. https://t.co/s7RDx5094D","NomanInnov8","NomanInnov8","1152","1","0","0","0","0","64","en","2098072497182666987","eminimnim","1"
"2098305581069000976","https://x.com/Schnuartz/status/2098305581069000976","Fri Sep 11 07:00:09 +0000 2026","@eminimnim @_esk_kse_ If the product works, hopefully.","Schnuartz","Schnuartz","1799","0","0","0","0","0","23","en","2098072497182666987","eminimnim","3"
"2098306812453773697","https://x.com/basicalex8/status/2098306812453773697","Fri Sep 11 07:05:03 +0000 2026","@eminimnim No way😳","basicalex8","Alex Basic","23","0","0","0","0","0","221","en","2098072497182666987","eminimnim","1"
"2098308091448295443","https://x.com/vstalingrady/status/2098308091448295443","Fri Sep 11 07:10:08 +0000 2026","@eminimnim literally Jalapeño or am i wrong","vstalingrady","Vstalin Grady","98","0","0","0","0","0","7","en","2098072497182666987","eminimnim","1"
"2098308545540227352","https://x.com/MrSuperSecret/status/2098308545540227352","Fri Sep 11 07:11:56 +0000 2026","@eminimnim I mean, this is cool for a finished product! Tell me you have an iterative design process with lots of mockups and prototypes before this though 😬","MrSuperSecret","Sebastian Hindhede","52","0","0","0","0","0","174","en","2098072497182666987","eminimnim","1"
"2098309101314859015","https://x.com/Jerome04475418/status/2098309101314859015","Fri Sep 11 07:14:09 +0000 2026","@eminimnim Cool. Now order it with your own money and tell us how well it works. We are waiting 🍿","Jerome04475418","Jerome","76","1","0","0","0","0","21","en","2098072497182666987","eminimnim","1"
"2098310458537328822","https://x.com/waynexonline/status/2098310458537328822","Fri Sep 11 07:19:32 +0000 2026","@eminimnim You’re gonna have to share the assembled version :)","waynexonline","wayne","214","0","0","0","0","0","70","en","2098072497182666987","eminimnim","1"
"2098310598270558264","https://x.com/the_vibepreneur/status/2098310598270558264","Fri Sep 11 07:20:06 +0000 2026","@eminimnim you owe is the final anwer, does it work!?","the_vibepreneur","Vatsal | The Vibepreneur","309","0","0","0","0","0","10","en","2098072497182666987","eminimnim","1"
"2098311953529909354","https://x.com/gami_vc/status/2098311953529909354","Fri Sep 11 07:25:29 +0000 2026","@eminimnim yo @stableshaman","gami_vc","Gami","20935","1","1","0","0","0","106","und","2098072497182666987","eminimnim","1"
"2098312732089131281","https://x.com/stableshaman/status/2098312732089131281","Fri Sep 11 07:28:34 +0000 2026","@gami_vc @eminimnim yeee i am in da comments already","stableshaman","shaman","17184","0","1","0","0","0","45","en","2098072497182666987","gami_vc","2"
"2098312930165137698","https://x.com/stableshaman/status/2098312930165137698","Fri Sep 11 07:29:21 +0000 2026","@gami_vc @eminimnim curious if it will actually work","stableshaman","shaman","17184","1","0","0","0","0","38","en","2098072497182666987","stableshaman","3"
"2098312976038269210","https://x.com/bl0ckstone/status/2098312976038269210","Fri Sep 11 07:29:32 +0000 2026","@eminimnim Cost sheet? Build video? My eyes are glued 👁👄👁","bl0ckstone","Michael Blackstone | Propagation House 🥽🏗️","1155","1","0","0","0","0","86","en","2098072497182666987","eminimnim","1"
"2098313827641139594","https://x.com/dennishegstad/status/2098313827641139594","Fri Sep 11 07:32:55 +0000 2026","@eminimnim Woah","dennishegstad","dennis hegstad","121925","1","0","0","0","0","209","en","2098072497182666987","eminimnim","1"
"2098314771976126922","https://x.com/hardwareguy_/status/2098314771976126922","Fri Sep 11 07:36:41 +0000 2026","@eminimnim Good luck with that. Hardware is a different game altogether.","hardwareguy_","Gareth","92","0","0","0","0","0","40","en","2098072497182666987","eminimnim","1"
"2098319487581728887","https://x.com/letandrewcook/status/2098319487581728887","Fri Sep 11 07:55:25 +0000 2026","@eminimnim Where can I order one?","letandrewcook","drew.sh✨","5510","0","0","0","0","0","27","en","2098072497182666987","eminimnim","1"
"2098323199511392564","https://x.com/Manalabs3D/status/2098323199511392564","Fri Sep 11 08:10:10 +0000 2026","@eminimnim Cool","Manalabs3D","MANA","330","1","0","0","0","0","10","en","2098072497182666987","eminimnim","1"
"2098327996708892834","https://x.com/PanosDevnol/status/2098327996708892834","Fri Sep 11 08:29:14 +0000 2026","@cursedconnector @eminimnim Jlc and pcbway can do anything from 3d printing to cnc milling now but the funniest part to me is the cantilever piece just floating on the bottom shell","PanosDevnol","Devnol","72","3","1","0","0","0","69","en","2098072497182666987","cursedconnector","3"
"2098329243260502144","https://x.com/LiHasIdeas/status/2098329243260502144","Fri Sep 11 08:34:11 +0000 2026","@eminimnim 以后硬件开发是不是都这样了？有点期待又有点慌","LiHasIdeas","Dora Aimeow","4","0","0","0","0","0","57","zh","2098072497182666987","eminimnim","1"
"2098329631434883476","https://x.com/BoganBits/status/2098329631434883476","Fri Sep 11 08:35:43 +0000 2026","@eminimnim You didn't say how much it spent","BoganBits","0xbogan","254","0","0","0","0","0","13","en","2098072497182666987","eminimnim","1"
"2098329777455120431","https://x.com/TwisstedToast/status/2098329777455120431","Fri Sep 11 08:36:18 +0000 2026","@eminimnim This ui sucks","TwisstedToast","twissted","46","0","0","0","0","0","6","en","2098072497182666987","eminimnim","1"
"2098331494875894024","https://x.com/kouzelis/status/2098331494875894024","Fri Sep 11 08:43:08 +0000 2026","@eminimnim @alexandrosM What is total component cost?","kouzelis","Konstantinos","195","0","0","0","0","0","165","en","2098072497182666987","eminimnim","1"
"2098338697615741119","https://x.com/marek_kriz/status/2098338697615741119","Fri Sep 11 09:11:45 +0000 2026","@eminimnim https://t.co/l4lQAWYBL3","marek_kriz","Marek Kriz","3448","0","0","0","0","0","78","qme","2098072497182666987","eminimnim","1"
"2098339390174994572","https://x.com/DanieDusentrieb/status/2098339390174994572","Fri Sep 11 09:14:30 +0000 2026","@eminimnim ""I gave Astra my credit card""","DanieDusentrieb","Daniel Bin Schmid","16","0","0","0","0","0","7","en","2098072497182666987","eminimnim","1"
"2098341610387906916","https://x.com/isslerman/status/2098341610387906916","Fri Sep 11 09:23:19 +0000 2026","@eminimnim I love the custom DYI DJ products, but need more free time to explore! Nice hardware. I love eletronicts. Are you going to try ?","isslerman","Marcos Carneiro Issler","124","0","0","0","0","0","94","en","2098072497182666987","eminimnim","1"
"2098344559910797546","https://x.com/HsinHsin_Wang/status/2098344559910797546","Fri Sep 11 09:35:03 +0000 2026","@eminimnim You must give https://t.co/rDCJSaxivY a try. A component data for hardware agents. Precisely find real purchasable parts with stock, pricing, specs, and buy links. And save the token.","HsinHsin_Wang","ワンさん","40","0","0","0","0","0","9","en","2098072497182666987","eminimnim","1"
"2098345191274881288","https://x.com/kainex_y/status/2098345191274881288","Fri Sep 11 09:37:33 +0000 2026","@eminimnim fuck yeaaah","kainex_y","kainex","41","0","0","0","0","0","29","en","2098072497182666987","eminimnim","1"
"2098346435830071330","https://x.com/AverageVarun/status/2098346435830071330","Fri Sep 11 09:42:30 +0000 2026","@eminimnim vibe coding got physical 😭","AverageVarun","Varun | Video Editor","2644","0","0","0","0","0","23","en","2098072497182666987","eminimnim","1"
"2098349441384427820","https://x.com/ai_with_jyoti/status/2098349441384427820","Fri Sep 11 09:54:26 +0000 2026","@eminimnim This is a huge shift in how hardware gets built. AI is turning ideas into real products faster than ever.","ai_with_jyoti","Jyoti","488","0","0","0","0","0","31","en","2098072497182666987","eminimnim","1"
"2098352673825124667","https://x.com/ty_kra_lab/status/2098352673825124667","Fri Sep 11 10:07:17 +0000 2026","@eminimnim Cost? I prefer doing it like this; you still have control over it and no token cost at all https://t.co/ZBk1MjdD3o","ty_kra_lab","Tykra","4190","7","0","0","0","1","336","en","2098072497182666987","eminimnim","1"
"2098356014382784617","https://x.com/weichselbauml/status/2098356014382784617","Fri Sep 11 10:20:34 +0000 2026","@eminimnim TE is really overpriced imo. I'd take an Akai or Elektron device over their stuff any day. I found the OP-1 hip but very unpractical. I sold it many years ago.","weichselbauml","Lukas Weichselbaum","682","0","0","0","0","0","36","en","2098072497182666987","eminimnim","1"
"2098356155961475290","https://x.com/thereal2ply/status/2098356155961475290","Fri Sep 11 10:21:07 +0000 2026","@eminimnim Vibe hardware has been around for years, bruh https://t.co/q8VjmavJRM","thereal2ply","2ply","312","0","0","0","0","0","9","en","2098072497182666987","eminimnim","1"
"2098358612708225081","https://x.com/Ameyaaazing/status/2098358612708225081","Fri Sep 11 10:30:53 +0000 2026","@eminimnim Can you share the prompt for it ?","Ameyaaazing","Ameyaazing","1303","0","0","0","0","0","12","en","2098072497182666987","eminimnim","1"
"2098359450293653742","https://x.com/egcbatt/status/2098359450293653742","Fri Sep 11 10:34:13 +0000 2026","@k_grajeda @eminimnim 👶 newborn engineering","egcbatt","Edward 𝕏","405","0","0","0","0","0","20","en","2098072497182666987","k_grajeda","2"
"2098359683312497102","https://x.com/MichalKrakowiak/status/2098359683312497102","Fri Sep 11 10:35:08 +0000 2026","@eminimnim Does it work like expected?","MichalKrakowiak","Michał Krakowiak","145","0","0","0","0","0","24","en","2098072497182666987","eminimnim","1"
"2098361001649254603","https://x.com/d_ol_an/status/2098361001649254603","Fri Sep 11 10:40:23 +0000 2026","@eminimnim Really cool but does it can create something that never been created before ?","d_ol_an","Dolan","132","0","0","0","0","0","32","en","2098072497182666987","eminimnim","1"
"2098365731054239854","https://x.com/ohthatsjake/status/2098365731054239854","Fri Sep 11 10:59:10 +0000 2026","@eminimnim Holy shit","ohthatsjake","Jake Dunn","81","0","0","0","0","0","6","en","2098072497182666987","eminimnim","1"
"2098366535798857953","https://x.com/andra_volya/status/2098366535798857953","Fri Sep 11 11:02:22 +0000 2026","@eminimnim how does it handle component substitutions when specific chips are unavailable during assembly?","andra_volya","volya","91","0","0","0","0","0","268","en","2098072497182666987","eminimnim","1"
"2098369112485290456","https://x.com/bigbrainsteve/status/2098369112485290456","Fri Sep 11 11:12:36 +0000 2026","@eminimnim Yep. It's amazing. Thinking about buying a CNC machine to get ahead of the curve on the demand there will be for these things shortly.","bigbrainsteve","Steve | Reform UK!","1566","0","0","0","0","0","70","en","2098072497182666987","eminimnim","1"
"2098371476919349742","https://x.com/m4tka/status/2098371476919349742","Fri Sep 11 11:22:00 +0000 2026","@eminimnim 😂🤣😂🤣😂🤣😂🤣😂😄🤡","m4tka","mtk","12","0","0","0","0","0","4","qme","2098072497182666987","eminimnim","1"
"2098371546142101852","https://x.com/m4tka/status/2098371546142101852","Fri Sep 11 11:22:17 +0000 2026","@eminimnim thanks for the laughs 🤡","m4tka","mtk","12","0","0","0","0","0","4","en","2098072497182666987","eminimnim","1"
"2098371919565205670","https://x.com/m4tka/status/2098371919565205670","Fri Sep 11 11:23:46 +0000 2026","@logerhaus @eminimnim you are so stupid that you cant as ai to make up some shitty hardware in style of teenage? there isnzero magic there buddy 😂","m4tka","mtk","12","1","0","0","0","0","48","en","2098072497182666987","logerhaus","2"
"2098372143536865346","https://x.com/m4tka/status/2098372143536865346","Fri Sep 11 11:24:39 +0000 2026","@HaimBender @eminimnim its just halucination bro 😂","m4tka","mtk","12","0","0","0","0","0","55","en","2098072497182666987","HaimBender","4"
"2098377601756582391","https://x.com/SigurdPotet/status/2098377601756582391","Fri Sep 11 11:46:20 +0000 2026","@eminimnim Where did you order parts? My agent gave up on Aliexpress UI lol","SigurdPotet","Sigurd Heggemsnes","63","0","0","0","0","0","76","en","2098072497182666987","eminimnim","1"
"2098379530767302658","https://x.com/sebuzdugan/status/2098379530767302658","Fri Sep 11 11:54:00 +0000 2026","@eminimnim cad can fit nominal parts, but tolerance stacks decide whether batch two assembles","sebuzdugan","Sebastian Buzdugan","7066","0","0","0","0","0","27","en","2098072497182666987","eminimnim","1"
"2098385711476953127","https://x.com/yannickfe/status/2098385711476953127","Fri Sep 11 12:18:34 +0000 2026","@eminimnim Really cool!","yannickfe","Yannick Feige","37","0","0","0","0","0","210","en","2098072497182666987","eminimnim","1"
"2098386080512762211","https://x.com/jack226RE/status/2098386080512762211","Fri Sep 11 12:20:02 +0000 2026","@eminimnim Nice, let's see the real pictures!","jack226RE","Jack Roberts","1741","0","0","0","0","0","10","en","2098072497182666987","eminimnim","1"
"2098388868592488732","https://x.com/JetPackchimp/status/2098388868592488732","Fri Sep 11 12:31:07 +0000 2026","@eminimnim And is it working?","JetPackchimp","MB","136","0","0","0","0","0","14","en","2098072497182666987","eminimnim","1"
"2098393563511886092","https://x.com/snackseatsmax/status/2098393563511886092","Fri Sep 11 12:49:46 +0000 2026","@eminimnim @dumbgayretard I know you’re gonna love this one","snackseatsmax","Max","1374","1","1","0","0","0","23","en","2098072497182666987","eminimnim","1"
"2098393724749291772","https://x.com/dotconor/status/2098393724749291772","Fri Sep 11 12:50:24 +0000 2026","@eminimnim @DanielleFong did you build it yet tho","dotconor","Conor O’Hollaren","931","0","0","0","0","0","33","en","2098072497182666987","eminimnim","1"
"2098395376856219658","https://x.com/iamloonix/status/2098395376856219658","Fri Sep 11 12:56:58 +0000 2026","@eminimnim That looks slick","iamloonix","Daniel Carneiro","46","0","0","0","0","0","145","en","2098072497182666987","eminimnim","1"
"2098395391976976599","https://x.com/BrianHatano/status/2098395391976976599","Fri Sep 11 12:57:02 +0000 2026","@eminimnim Rockets in every hand.","BrianHatano","Brian Hatano","1596","0","0","0","0","0","9","en","2098072497182666987","eminimnim","1"
"2098395601809309822","https://x.com/dumbgayretard/status/2098395601809309822","Fri Sep 11 12:57:52 +0000 2026","@snackseatsmax @eminimnim this is so badass","dumbgayretard","blobbert","4852","1","0","0","0","0","53","en","2098072497182666987","snackseatsmax","2"
"2098396173883101323","https://x.com/sonicnate/status/2098396173883101323","Fri Sep 11 13:00:08 +0000 2026","@eminimnim Now you gotta get your other credit card out for tooling ;). DM me if you need help. Super cool man! I LOVE THIS!","sonicnate","Nathaniel Victor","285","0","0","0","0","0","65","en","2098072497182666987","eminimnim","1"
"2098399518068736359","https://x.com/JuxhinCelaEU/status/2098399518068736359","Fri Sep 11 13:13:26 +0000 2026","@eminimnim why you think this is something new, this is happening at least from opus 4.6 as Im aware and likely earlier","JuxhinCelaEU","Juxhin Çela 🇪🇺🇺🇦","4369","0","0","0","0","0","18","en","2098072497182666987","eminimnim","1"
"2098400913954062664","https://x.com/marcelsamyn/status/2098400913954062664","Fri Sep 11 13:18:58 +0000 2026","@eminimnim did it get the right part number from LCSC though","marcelsamyn","Marcel Samyn","391","0","0","0","0","0","8","en","2098072497182666987","eminimnim","1"
"2098401081004855746","https://x.com/PhilPhauler/status/2098401081004855746","Fri Sep 11 13:19:38 +0000 2026","@eminimnim OMFG THIS IS BIG!! This is so fucking big 🏆","PhilPhauler","Phil Phauler","2923","0","0","0","0","0","10","en","2098072497182666987","eminimnim","1"
"2098404635509711225","https://x.com/DavidofSeattle/status/2098404635509711225","Fri Sep 11 13:33:46 +0000 2026","@eminimnim wait it read chinese datasheets on its own? that's actually wild","DavidofSeattle","Crestffield","4714","0","0","0","0","0","107","en","2098072497182666987","eminimnim","1"
"2098405072052904039","https://x.com/TheRHNeutrino/status/2098405072052904039","Fri Sep 11 13:35:30 +0000 2026","@eminimnim 🫥","TheRHNeutrino","The Right Handed Neutrino","988","0","0","0","0","0","3","qme","2098072497182666987","eminimnim","1"
"2098408241135030747","https://x.com/patternstatic/status/2098408241135030747","Fri Sep 11 13:48:05 +0000 2026","@eminimnim Vibe coding just grew hands. Give agents procurement and suddenly the prototype has a shipping address 😂","patternstatic","ND Minds & AI","81","1","0","0","0","0","22","en","2098072497182666987","eminimnim","1"
"2098410272314794110","https://x.com/tinyboardjo/status/2098410272314794110","Fri Sep 11 13:56:10 +0000 2026","@eminimnim The assembly guide is such a good touch. Please post the first power-on, i’m invested now.","tinyboardjo","Jo","48","1","0","0","0","0","8","en","2098072497182666987","eminimnim","1"
"2098412775458701694","https://x.com/zerogtalent/status/2098412775458701694","Fri Sep 11 14:06:06 +0000 2026","@eminimnim Sourcing parts and CAD is a great start, but the real hurdle is usually the final 10% of physical tolerance and assembly. Does the current agent loop handle actual hardware debugging?","zerogtalent","Zero G Talent","54","0","0","0","0","0","91","en","2098072497182666987","eminimnim","1"
"2098415833525457189","https://x.com/melayaorg/status/2098415833525457189","Fri Sep 11 14:18:16 +0000 2026","@eminimnim Vibe for everything 😎","melayaorg","Melaya","22","0","0","0","0","0","5","en","2098072497182666987","eminimnim","1"
"2098418548880077119","https://x.com/gilles_ac/status/2098418548880077119","Fri Sep 11 14:29:03 +0000 2026","That's really cool, totally forgot about pcb and circuit design for a minute! Did this a while ago for different projects, especially during COVID but i have so many little hardware projects to solve small problems i have, don't we all! Now with AI, again, the only limitation is your imagination!","gilles_ac","Gilles AC","527","0","0","0","0","0","642","en","2098072497182666987","eminimnim","1"
"2098419149013729600","https://x.com/Building_Josh/status/2098419149013729600","Fri Sep 11 14:31:26 +0000 2026","@eminimnim true hardware is not deterministic enough for models to solve. tried this myself, it’s a great pipe dream, but that board is never gonna work. Plus, if you don’t actually know how to do hardware how are you gonna do bring up…","Building_Josh","Josh","334","0","0","0","0","0","28","en","2098072497182666987","eminimnim","1"
"2098421728942666166","https://x.com/giffboake/status/2098421728942666166","Fri Sep 11 14:41:41 +0000 2026","@eminimnim Bullshit. Post the invoice for the parts or it never happened.","giffboake","GifCo","726","0","0","0","0","0","21","en","2098072497182666987","eminimnim","1"
"2098423798676484577","https://x.com/white_rxbt/status/2098423798676484577","Fri Sep 11 14:49:55 +0000 2026","@eminimnim wow","white_rxbt","white_rabbit","216","0","0","0","0","0","5","und","2098072497182666987","eminimnim","1"
"2098425945359102138","https://x.com/Atech_dev/status/2098425945359102138","Fri Sep 11 14:58:26 +0000 2026","@dameerly @Julius48024685 @eminimnim 🧡🧡","Atech_dev","atech.dev","788","1","0","0","0","0","20","qme","2098072497182666987","dameerly","3"
"2098426105409777820","https://x.com/SP3NC3R5395/status/2098426105409777820","Fri Sep 11 14:59:05 +0000 2026","@eminimnim Blender assembly animation at the end is showing off but I respect it","SP3NC3R5395","Jordan Lee","64","1","0","0","0","0","332","en","2098072497182666987","eminimnim","1"
"2098427171354116301","https://x.com/jalejandrodiez/status/2098427171354116301","Fri Sep 11 15:03:19 +0000 2026","@eminimnim Right, now assemble it and show us it works xd","jalejandrodiez","Jorge Alejandro Diez","200","0","0","0","0","0","81","en","2098072497182666987","eminimnim","1"
"2098428465473290270","https://x.com/continuumlabs_/status/2098428465473290270","Fri Sep 11 15:08:27 +0000 2026","@eminimnim vibe hardware is going to be huge!!","continuumlabs_","Continuum Labs","2013","0","0","0","0","0","36","en","2098072497182666987","eminimnim","1"
"2098428595131564053","https://x.com/paulo_creates/status/2098428595131564053","Fri Sep 11 15:08:58 +0000 2026","@eminimnim startup idea: vibe code hardware, submit specs, receive at home a build yourself kit","paulo_creates","PP","15","0","0","0","0","0","25","en","2098072497182666987","eminimnim","1"
"2098429948193022417","https://x.com/DavidStalmarck/status/2098429948193022417","Fri Sep 11 15:14:21 +0000 2026","@Julius48024685 @eminimnim @Atech_dev 👀👀👀👀🔥🔥","DavidStalmarck","David Stålmarck","236","1","0","0","0","0","40","qme","2098072497182666987","Julius48024685","2"
"2098430089130082371","https://x.com/grep_now/status/2098430089130082371","Fri Sep 11 15:14:54 +0000 2026","@beardsmol @eminimnim Be careful 😂","grep_now","krx","196","2","0","0","0","0","12","en","2098072497182666987","beardsmol","2"
"2098434986147766723","https://x.com/ritwikpavan/status/2098434986147766723","Fri Sep 11 15:34:22 +0000 2026","@eminimnim Super cool","ritwikpavan","Ritwik Pavan","39288","2","0","0","0","0","308","en","2098072497182666987","eminimnim","1"
"2098445589729939505","https://x.com/ZiyaulhaqMm/status/2098445589729939505","Fri Sep 11 16:16:30 +0000 2026","@GianniDalerta @eminimnim @PurpleHorizons8 @RalphQuintero This is cool","ZiyaulhaqMm","Mohammad Ziyaulhaq Mohammad","114","1","0","0","0","0","60","en","2098072497182666987","GianniDalerta","2"
"2098455503646929405","https://x.com/ilambxo/status/2098455503646929405","Fri Sep 11 16:55:54 +0000 2026","@stableshaman @eminimnim how is your sampler going?","ilambxo","name can't be blank?","562","0","0","0","0","0","15","en","2098072497182666987","stableshaman","4"
"2098458724876902606","https://x.com/rosebeverly_ai/status/2098458724876902606","Fri Sep 11 17:08:42 +0000 2026","@eminimnim so cool!!!","rosebeverly_ai","Rose Beverly","233","0","0","0","0","0","9","en","2098072497182666987","eminimnim","1"
"2098459123176104253","https://x.com/cursedconnector/status/2098459123176104253","Fri Sep 11 17:10:17 +0000 2026","@PanosDevnol @eminimnim Yes I'm asking because I don't truly believe anyone would be sane enough to order this actually.","cursedconnector","cursed_connectors","15033","2","0","0","0","0","26","en","2098072497182666987","PanosDevnol","4"
"2098459374725575106","https://x.com/seanleoneX/status/2098459374725575106","Fri Sep 11 17:11:17 +0000 2026","@eminimnim Wow, physical AI is going to really take off.","seanleoneX","Sean Leone","69","0","0","0","0","0","231","en","2098072497182666987","eminimnim","1"
"2098460884385579035","https://x.com/sweetii_rai/status/2098460884385579035","Fri Sep 11 17:17:17 +0000 2026","@eminimnim The fact that it sourced parts and datasheets too is wild.","sweetii_rai","Sweettii Rai","7","0","0","0","0","0","113","en","2098072497182666987","eminimnim","1"
"2098461756896977141","https://x.com/TheWorstGameDev/status/2098461756896977141","Fri Sep 11 17:20:45 +0000 2026","@eminimnim When we getting vibe manufacturing and mass production 😭","TheWorstGameDev","The Worst Game Dev","817","0","0","0","0","0","9","en","2098072497182666987","eminimnim","1"
"2098465927981322425","https://x.com/ottokahn9/status/2098465927981322425","Fri Sep 11 17:37:19 +0000 2026","@eminimnim @logerhaus And cost if possible","ottokahn9","Otto Kahn","60","1","0","0","0","0","49","en","2098072497182666987","eminimnim","3"
"2098468321087893595","https://x.com/lucas0choa/status/2098468321087893595","Fri Sep 11 17:46:50 +0000 2026","@eminimnim dude teenage engineering would never make something that looks as bland as that","lucas0choa","lucas ochoa","1261","1","0","0","0","0","57","en","2098072497182666987","eminimnim","1"
"2098468662986604846","https://x.com/y0dda/status/2098468662986604846","Fri Sep 11 17:48:11 +0000 2026","@eminimnim Fake","y0dda","raw material","712","0","0","0","0","0","4","en","2098072497182666987","eminimnim","1"
"2098470791302226277","https://x.com/itscoleonx/status/2098470791302226277","Fri Sep 11 17:56:39 +0000 2026","@eminimnim Let us know if it actually functions when you put it together","itscoleonx","Its Cole","654","0","0","0","0","0","56","en","2098072497182666987","eminimnim","1"
"2098472805054496883","https://x.com/PieterPietson/status/2098472805054496883","Fri Sep 11 18:04:39 +0000 2026","@eminimnim that is very cool","PieterPietson","Pieter Pieterson","51","0","0","0","0","0","138","en","2098072497182666987","eminimnim","1"
"2098474189787131932","https://x.com/sevensix43/status/2098474189787131932","Fri Sep 11 18:10:09 +0000 2026","@eminimnim @grok How much did this cost?","sevensix43","actually just sevensix","93","0","1","0","0","0","8","en","2098072497182666987","eminimnim","1"
"2098477416125747331","https://x.com/AAsgekar/status/2098477416125747331","Fri Sep 11 18:22:58 +0000 2026","@eminimnim Crazy! Make a video of you assembling it now.","AAsgekar","Amogh Asgekar","92","0","0","0","0","0","57","en","2098072497182666987","eminimnim","1"
"2098479690390348184","https://x.com/InspiredRants/status/2098479690390348184","Fri Sep 11 18:32:00 +0000 2026","@eminimnim @DevonFrohne Ya ping me when this is REAL","InspiredRants","AM 🫗🫘","105","0","0","0","0","0","13","en","2098072497182666987","eminimnim","3"
"2098481849966231829","https://x.com/Biggeaarr/status/2098481849966231829","Fri Sep 11 18:40:35 +0000 2026","@eminimnim LARP","Biggeaarr","Big Ear","3","0","0","0","0","0","2","en","2098072497182666987","eminimnim","1"
"2098483577100869902","https://x.com/NeilWood/status/2098483577100869902","Fri Sep 11 18:47:27 +0000 2026","@eminimnim It's vibe vaporware until you're actually hands on.","NeilWood","Neil Wood ☘️🍺","435","0","0","0","0","0","24","en","2098072497182666987","eminimnim","1"
"2098484134431576222","https://x.com/TimKuonA/status/2098484134431576222","Fri Sep 11 18:49:40 +0000 2026","@eminimnim @DevonFrohne I'm really looking forward to seeing if it's great in the first version. And also to seeing what improvements have been made since then.","TimKuonA","Tim_ⓢ𝐂₳ 🌏🌎🌍₳da🪐Modesty","883","0","0","0","0","0","9","en","2098072497182666987","eminimnim","3"
"2098484619247239352","https://x.com/StonedEdgeMods/status/2098484619247239352","Fri Sep 11 18:51:35 +0000 2026","@eminimnim Is this built into Solidworks or Autodesk? I’ve tried Autodesk built in agents but they are terrible.","StonedEdgeMods","StonedEdge","2371","0","0","0","0","0","35","en","2098072497182666987","eminimnim","1"
"2098485349148242287","https://x.com/Cryptotiger589/status/2098485349148242287","Fri Sep 11 18:54:29 +0000 2026","@eminimnim https://t.co/NAs67uRY2f","Cryptotiger589","CryptoTiger 589","1047","0","0","0","0","0","5","qme","2098072497182666987","eminimnim","1"
"2098486497838051780","https://x.com/CATOSHISYNDICAT/status/2098486497838051780","Fri Sep 11 18:59:03 +0000 2026","@eminimnim now make a rocket","CATOSHISYNDICAT","King Slyme - Founder Mode","1589","0","0","0","0","0","4","en","2098072497182666987","eminimnim","1"
"2098487564139127220","https://x.com/mglcano/status/2098487564139127220","Fri Sep 11 19:03:17 +0000 2026","@MrRudolfWagner @eminimnim first thing i noticed too.","mglcano","miguel cano","45","0","0","0","0","0","2","en","2098072497182666987","MrRudolfWagner","2"
"2098491478636970031","https://x.com/mattwr/status/2098491478636970031","Fri Sep 11 19:18:51 +0000 2026","@eminimnim Does it work?","mattwr","Matt Wright","1615","0","0","0","0","0","6","en","2098072497182666987","eminimnim","1"
"2098492969058025805","https://x.com/freezymfe/status/2098492969058025805","Fri Sep 11 19:24:46 +0000 2026","@eminimnim How much $$ did that cost in credit usage? How long did it take from initial prompt to completion?","freezymfe","Freed Ninja","13832","0","0","0","0","0","9","en","2098072497182666987","eminimnim","1"
"2098499180377378887","https://x.com/trellwest/status/2098499180377378887","Fri Sep 11 19:49:27 +0000 2026","@eminimnim Was inspired by this post and had Astra build a product supply chain studio for my skincare brand that reverse-engineers the entire path to launch into a 3d lifecycle. Blown away 🤯 https://t.co/fX1cvCOegr","trellwest","Trell West","885","1","0","0","0","0","35","en","2098072497182666987","eminimnim","1"
"2098502505285964024","https://x.com/mton1109/status/2098502505285964024","Fri Sep 11 20:02:40 +0000 2026","@eminimnim 🤯🤯🤯","mton1109","Mike Ton","1316","0","0","0","0","0","5","qme","2098072497182666987","eminimnim","1"
"2098502630779871603","https://x.com/Healthbitai/status/2098502630779871603","Fri Sep 11 20:03:10 +0000 2026","@eminimnim This is great! Will it work with Traktor Pro 4 software with 4 deck configuration? Would love to see how this works in real life. So cool...","Healthbitai","healthbit.ai","17","0","0","0","0","0","204","en","2098072497182666987","eminimnim","1"
"2098503326509695185","https://x.com/dogsnfishing/status/2098503326509695185","Fri Sep 11 20:05:56 +0000 2026","@eminimnim Is this real? Absolutely amazing if so. But how would I ever tell?","dogsnfishing","Me&Doggo","773","0","0","0","0","0","6","en","2098072497182666987","eminimnim","1"
"2098506832583200926","https://x.com/michaelsherrill/status/2098506832583200926","Fri Sep 11 20:19:51 +0000 2026","@eminimnim @GianniDalerta @PurpleHorizons8 @RalphQuintero Great stuff. Can you have it run all the various electrical and compliance standards too?","michaelsherrill","Growth Catalyst ☆","1092","0","0","0","0","0","1","en","2098072497182666987","eminimnim","3"
"2098508628903051643","https://x.com/0xlexlab/status/2098508628903051643","Fri Sep 11 20:27:00 +0000 2026","@eminimnim The barrier was never the idea. It was reading a Chinese datasheet, exporting a CAD file, and getting a JLCPCB order to route correctly. Astra collapsed 6 weeks of EE work into an afternoon. That is the actual unlock.","0xlexlab","LEX","76","0","0","0","0","0","54","en","2098072497182666987","eminimnim","1"
"2098518604656599330","https://x.com/EnigmaPhoenix/status/2098518604656599330","Fri Sep 11 21:06:38 +0000 2026","@eminimnim Not really vibe hardware untill it's physical functional hardware. A bit premature here.","EnigmaPhoenix","EnigmaPhoenix","147","0","0","0","0","0","5","en","2098072497182666987","eminimnim","1"
"2098527519045771694","https://x.com/aalimbuyuguen/status/2098527519045771694","Fri Sep 11 21:42:03 +0000 2026","@hellohsuh @eminimnim how","aalimbuyuguen","andy","2360","0","1","0","0","0","10","und","2098072497182666987","hellohsuh","2"
"2098529460668522832","https://x.com/Ai_OhMy/status/2098529460668522832","Fri Sep 11 21:49:46 +0000 2026","@eminimnim Are you made of credits?!","Ai_OhMy","Captain So-n-So","3","0","0","0","0","0","31","en","2098072497182666987","eminimnim","1"
"2098531001894830176","https://x.com/eaveswan/status/2098531001894830176","Fri Sep 11 21:55:54 +0000 2026","@eminimnim What CAD software is Astra using? Or did it make its own to build this?","eaveswan","long story short","38","1","1","0","0","0","954","en","2098072497182666987","eminimnim","1"
"2098531405286281349","https://x.com/eminimnim/status/2098531405286281349","Fri Sep 11 21:57:30 +0000 2026","@eaveswan fusion","eminimnim","nim","2049","1","0","0","0","0","834","en","2098072497182666987","eaveswan","2"
"2098538574127968484","https://x.com/seven7sevenup/status/2098538574127968484","Fri Sep 11 22:25:59 +0000 2026","@eminimnim wow looks great no duck 🦆 tape machine needed onboard ing now add warble wow flutter button on send with after pressure no prototypes constant rolling roll outs new: to create a reverb membrane locally for future recallof3D architecture recall based on real #'skewl hardvibed","seven7sevenup","Seven 7","325","0","0","0","0","0","5","en","2098072497182666987","eminimnim","1"
"2098555216656306558","https://x.com/EpicArtFail/status/2098555216656306558","Fri Sep 11 23:32:07 +0000 2026","@eminimnim *it didnt","EpicArtFail","EpicFail🔞","2210","1","0","0","0","0","14","en","2098072497182666987","eminimnim","1"
"2098555522098118907","https://x.com/ebroms/status/2098555522098118907","Fri Sep 11 23:33:20 +0000 2026","@eminimnim I'm sorry but I can't get over the line ""I gave Astra my credit card""","ebroms","elisabeth bromberg","2001","0","0","0","0","0","18","en","2098072497182666987","eminimnim","1"
"2098560344432030187","https://x.com/NoHandedTripod/status/2098560344432030187","Fri Sep 11 23:52:30 +0000 2026","@eminimnim So what was the price?","NoHandedTripod","Bonez ☠️","2443","1","0","0","0","0","11","en","2098072497182666987","eminimnim","1"
"2098585674115105009","https://x.com/JohnAndrewStout/status/2098585674115105009","Sat Sep 12 01:33:09 +0000 2026","@eminimnim Following for updates! What was the price for all the parts?","JohnAndrewStout","John A. Stout","462","0","0","0","0","0","8","en","2098072497182666987","eminimnim","1"
"2098618243283820923","https://x.com/BartekMoniewski/status/2098618243283820923","Sat Sep 12 03:42:34 +0000 2026","@eminimnim Good luck manufacturing that case violating every DFM principle. Straight up impossible for injection molding and a nightmare for FDM and SLA. Only viable tech for that shape is SLS in nylon, 50$ for part this big. Tell Astra to get engineering degree or something","BartekMoniewski","Bartek Moniewski","5291","1","0","0","0","0","66","en","2098072497182666987","eminimnim","1"
"2098629190623043902","https://x.com/directioncosine/status/2098629190623043902","Sat Sep 12 04:26:04 +0000 2026","@eminimnim What do you mean by “sourced parts”?","directioncosine","Vaibhav (vy-buv)","107","0","0","0","0","0","4","en","2098072497182666987","eminimnim","1"
"2098658326917832824","https://x.com/the_trono/status/2098658326917832824","Sat Sep 12 06:21:50 +0000 2026","@eminimnim Crazy . Prompt ?","the_trono","Ex_Machina","81","0","0","0","0","0","5","en","2098072497182666987","eminimnim","1"
"2098668790611628531","https://x.com/nikhilranka9/status/2098668790611628531","Sat Sep 12 07:03:25 +0000 2026","@eminimnim Wow, this is so cool. How much did this cost you overall? Just the hardware cost, not the AI cost.","nikhilranka9","Nikhil Ranka","75","0","0","0","0","0","1","en","2098072497182666987","eminimnim","1"
"2098670135217201192","https://x.com/Konfidentse/status/2098670135217201192","Sat Sep 12 07:08:46 +0000 2026","@eminimnim Hur gick det?","Konfidentse","Konfident","9","0","0","0","0","0","2","sv","2098072497182666987","eminimnim","1"
"2098682034231402847","https://x.com/heykandoi/status/2098682034231402847","Sat Sep 12 07:56:03 +0000 2026","@eminimnim how much did it cost? Just the components","heykandoi","Abhishek Kandoi","401","0","0","0","0","0","2","en","2098072497182666987","eminimnim","1"
"2098684234277994658","https://x.com/dipenvaja/status/2098684234277994658","Sat Sep 12 08:04:47 +0000 2026","@eminimnim Astra went from moodboard to BOM to Blender before my side project cleared its first TODO.","dipenvaja","Dipen Vaja","62","0","0","0","0","0","12","en","2098072497182666987","eminimnim","1"
"2098685561640731013","https://x.com/VRVitaly/status/2098685561640731013","Sat Sep 12 08:10:04 +0000 2026","@eminimnim …And then proceeded to not work. Still cool though","VRVitaly","Vitaly","5496","0","0","0","0","0","30","en","2098072497182666987","eminimnim","1"
"2098698010918080979","https://x.com/cvictordus/status/2098698010918080979","Sat Sep 12 08:59:32 +0000 2026","@eminimnim Sure but does it suck like Teenage Engineering too? 😄 Jk - nice!","cvictordus","Christian Victor","1812","0","0","0","0","0","8","en","2098072497182666987","eminimnim","1"
"2098703882847490065","https://x.com/Juice_LabAKM/status/2098703882847490065","Sat Sep 12 09:22:52 +0000 2026","@eminimnim This is where AI gets really exciting. Going from an idea to sourcing, CAD, assembly guidance, and a working hardware concept is a massive leap.","Juice_LabAKM","Juice Lab UI/UX & Development Agency","162","0","0","0","0","0","11","en","2098072497182666987","eminimnim","1"
"2098719898830537122","https://x.com/AntonMshn/status/2098719898830537122","Sat Sep 12 10:26:30 +0000 2026","@eminimnim Wait whaaat? Astra: I want Corvette Stingray feat Tesla","AntonMshn","Anton Mishin","556","0","0","0","0","0","14","en","2098072497182666987","eminimnim","1"
"2098784703419429119","https://x.com/brunofelici/status/2098784703419429119","Sat Sep 12 14:44:01 +0000 2026","@eminimnim Does it work?","brunofelici","Bruno Felicio","439","1","1","0","0","0","77","en","2098072497182666987","eminimnim","1"
"2098785466875101283","https://x.com/eminimnim/status/2098785466875101283","Sat Sep 12 14:47:03 +0000 2026","@brunofelici parts are ordered and on the way!","eminimnim","nim","2049","1","0","0","0","0","72","en","2098072497182666987","brunofelici","2"
"2098807185312747638","https://x.com/hellohsuh/status/2098807185312747638","Sat Sep 12 16:13:21 +0000 2026","@aalimbuyuguen @eminimnim How can we buy one? Or how can we make one ourselves? xD","hellohsuh","h 🪽 partner @ INTDEV","192","0","0","0","0","0","2","en","2098072497182666987","aalimbuyuguen","3"
"2098829632380522708","https://x.com/djsoulfeggio/status/2098829632380522708","Sat Sep 12 17:42:33 +0000 2026","@eminimnim What about the actual schematic and pcb layout? Neat concept, and I have done this several times, but it falls down flat when you actually try to build a circuit.","djsoulfeggio","DJ Soulfeggio","278","0","0","0","0","0","6","en","2098072497182666987","eminimnim","1"
"2098830364714430705","https://x.com/djsoulfeggio/status/2098830364714430705","Sat Sep 12 17:45:27 +0000 2026","@Johnson2Nasty @eminimnim From my experience you need to be an engineer to use it, sadly","djsoulfeggio","DJ Soulfeggio","278","0","0","0","0","0","0","en","2098072497182666987","Johnson2Nasty","2"
"2098835082307883316","https://x.com/air_chud/status/2098835082307883316","Sat Sep 12 18:04:12 +0000 2026","@eminimnim This looks nothing like what Teenage Engineering would build, has none of their design principles. Looks like a car stereo from 1997 lmao","air_chud","marge","46","0","0","0","0","0","5","en","2098072497182666987","eminimnim","1"